Time,Learning rate,Train loss,Validation loss,MAE_HOMO-B3LYP,MAE_LUMO-B3LYP,MAE_Gap-B3LYP,MAE_HOMO-PBE0,MAE_LUMO-PBE0,MAE_Gap-PBE0
1388.3391652107239,0.0001,0.8513565297296551,0.48436710028727453,0.2306246046391644,0.22960509399754347,0.33018141612766516,0.2568040419643864,0.2943408764533958,0.391043645714181
2744.420989751816,0.0001,0.3428621938231222,0.268982283428411,0.16586812232494308,0.17368241239781868,0.236650310928352,0.22602668868438294,0.2642674252037326,0.3390466007904715
4099.636976242065,0.0001,0.21278156343833685,0.1793914152346676,0.1381535647968047,0.13975684923306145,0.18664293002601495,0.20783600870575664,0.2339534786099359,0.29784429484538594
5463.915898323059,0.0001,0.1557164873322582,0.14025813597135053,0.12284783062587173,0.12055361592603471,0.16003120914550859,0.18756533896664307,0.20164096467767362,0.26746814808178765
6825.109596014023,0.0001,0.12501572322310364,0.12323352551895506,0.11223873872451207,0.11282079598727605,0.14631080396870866,0.18079892228633773,0.20731915069432766,0.2703954765496983
8186.294620752335,0.0001,0.10620300762961332,0.11647230584855496,0.10752072038593637,0.10822945201543062,0.1385484779681196,0.17673844479158554,0.21658447689226173,0.2747667924976301
9544.364579439163,0.0001,0.09305626631318678,0.1010948270945545,0.10071057760168321,0.10372085775581631,0.12809354943763115,0.17463468883488087,0.1821414526516232,0.2438368607345663
10903.813271522522,0.0001,0.08315415137870173,0.0939161088397579,0.09549203350766376,0.09650213545820278,0.12506745783020792,0.16686338971565012,0.18169770982155953,0.24880714529234213
12263.923777580261,0.0001,0.07500932526717184,0.08332469385156746,0.089665003775639,0.08756579336603453,0.1161195316708749,0.16488907037510647,0.17308378036066716,0.23851127091349525
13618.893706083298,0.0001,0.06881613180223617,0.08010348973519593,0.08836424904971968,0.0946321425566489,0.11611566035616884,0.16177798011538438,0.15639055722513606,0.21102623050509328
14979.116298437119,0.0001,0.06353213057203587,0.08548487090913698,0.08990137493548714,0.08922299178792654,0.11813618736630975,0.158924390145189,0.1742679171242859,0.2427243281349517
16340.126470565796,0.0001,0.059321922123874715,0.07383642521393023,0.08699255778120277,0.0829745714237452,0.10611714724123689,0.1488763927791569,0.16119459961954238,0.21199092013695897
17704.14282655716,0.0001,0.055331443786002514,0.0741827773329996,0.08440971972345383,0.08812247173935975,0.11043483690357808,0.15014974657341465,0.14997066270817655,0.2056358632426781
19062.794253349304,0.0001,0.05210718175785448,0.06685641342753268,0.07952545228407149,0.08064012781122873,0.10327690585825627,0.1426826238271144,0.14611267185002572,0.19742505421607198
20416.18505382538,0.0001,0.049030055218601584,0.06598831335079536,0.08329997738604374,0.07784767645937815,0.10492318961925846,0.1434505968288041,0.13939237919556619,0.1947945935465803
21776.69099831581,0.0001,0.04666360441449473,0.06603534879918764,0.07927863335247279,0.08340219535907453,0.10426732734061257,0.15510912782392094,0.13855698445961367,0.1999457667978368
23139.39301300049,0.0001,0.04433787126209772,0.06021780407278401,0.07503534200387973,0.07690289392863597,0.09700513134293667,0.13756151695193697,0.13821767120876438,0.18783428427067025
24496.734924554825,0.0001,0.04249297207472214,0.06069399582163961,0.08180464147566932,0.07555361018539783,0.09433337619596975,0.14219622657733516,0.1370299679400964,0.19270967534550026
25853.855679273605,0.0001,0.04068840578441086,0.06815792610775367,0.08095979306398457,0.07775397144328972,0.10838869847144919,0.141591424595401,0.15115504923862538,0.21496437612094202
27215.142733812332,0.0001,0.03899953574893938,0.061362184267574164,0.07317416876669382,0.07891812094179243,0.09926736210672195,0.146805790925736,0.13730505399184056,0.1994127081877933
28577.097824811935,0.0001,0.03763356248378864,0.05970251793072973,0.07218388437364572,0.07937024489411915,0.09907643433799343,0.13725793921303592,0.1358479730071553,0.18877144253416414
29930.857681035995,0.0001,0.03642635965711647,0.05761658712170827,0.07309318774260816,0.07387234451798357,0.09424394381891196,0.13315383982381576,0.13495222764566414,0.1879533588856173
31285.845556259155,0.0001,0.035188422644133056,0.053616159183254575,0.0681435738981817,0.07064251665132372,0.08776492357858932,0.1315953977858601,0.13493268561146585,0.18488218522364697
32645.397626638412,0.0001,0.03405672835394202,0.059921406584697356,0.07038691632731703,0.0782853011031446,0.09769088566026334,0.13083425371329552,0.13537727539815747,0.1902291568946742
34002.05761694908,0.0001,0.03321577734495895,0.05582886968449655,0.06970607442138435,0.07392426755328034,0.09500427226296893,0.1324969965180383,0.13031968458842574,0.17904619839222327
35377.21830511093,0.0001,0.032159855480057856,0.05333301605217557,0.06998356219245211,0.06715247439948875,0.08784766086672137,0.13312590469239677,0.13014335129250185,0.18336156994009106
36735.24688220024,0.0001,0.03110358945203117,0.05267448752470638,0.06691102870956371,0.07086000240333407,0.0887746503551166,0.13148787180903623,0.13233534401261043,0.17901473757034397
38093.604206085205,0.0001,0.03029201836871826,0.05330398555880323,0.07111725006202814,0.07027943595758265,0.08811669411496309,0.12656116573854306,0.13158590975542692,0.17635934747631413
39449.622623205185,0.0001,0.029632016646723228,0.04994945975473211,0.06512372337175895,0.06658048982333342,0.08489691209917213,0.12414205938843431,0.13522750804184785,0.1769441423764358
40808.01551938057,0.0001,0.028911732738278743,0.05190872787378537,0.06663245927592652,0.06781411394459706,0.08308786205445849,0.12474984551406801,0.15251715812000305,0.1908532279159171
42174.03547167778,0.0001,0.028117405435587762,0.049253730423729804,0.06610196330974773,0.06582117150605948,0.08362915446060745,0.1271412730036451,0.12440322997211788,0.17352635995238072
43538.59112858772,0.0001,0.02769239641247626,0.052347095410828555,0.07149007894748588,0.06848692730382905,0.08779981780584029,0.12634024466807126,0.12637869727625584,0.1759292669976658
44901.720833301544,0.0001,0.027033664141550603,0.052172713095079294,0.06810680517172585,0.0754083592413112,0.08575215194797928,0.12227292271870345,0.12858438323829063,0.17330047535852172
46258.59017133713,0.0001,0.02651402777104242,0.05056158363660268,0.06397782804514338,0.06700749285616095,0.0839855339017361,0.1314970013591029,0.13516148292976218,0.1847906272940497
47617.37360596657,0.0001,0.025979965795095542,0.04875174771138823,0.06553482740666745,0.06685204134621318,0.08254226392221009,0.12248253802267887,0.12730685790620547,0.1748872372351089
48968.56660914421,0.0001,0.02555953463405582,0.04553106944673718,0.06267779302925422,0.0628328439440027,0.08005836677023354,0.12147303765297096,0.12214925234293308,0.16950229813750498
50321.124851703644,0.0001,0.024919678217121953,0.04951331804521016,0.06521549582768124,0.06697285313930947,0.08147527730509321,0.13680620071524105,0.12404702143217405,0.18482929067982382
51673.183665275574,0.0001,0.02445271215436479,0.04601990809516697,0.0634367752870212,0.06558196138163533,0.0802888716538658,0.12157441348955725,0.12350562113554574,0.17126604224141953
53021.575741291046,0.0001,0.02407952711267766,0.047358283350906576,0.06294145901563192,0.06909337431406472,0.08421440729651365,0.11996188934816569,0.12637719175499856,0.1656171340202615
54379.23231744766,0.0001,0.02387287580668725,0.045876724828800876,0.06140382911523503,0.06582373694405846,0.07771969200567169,0.1237335495529162,0.12182425285968318,0.1702019115018259
55736.677008867264,0.0001,0.023505758762540668,0.04668809682610491,0.06307136280705003,0.06406601370726273,0.08434202708445089,0.12296699952060237,0.12206584125902643,0.16996058516283338
57095.116030454636,0.0001,0.02292181114317586,0.046996442573051585,0.06112309502488467,0.06655499056193254,0.08126008282768624,0.1233824047600202,0.12399656191310277,0.1708063185465731
58457.69602775574,0.0001,0.02269311949383773,0.044539908924422444,0.0617441834796653,0.06275090485120896,0.07712034689087409,0.11882763123163245,0.12438213378918125,0.16737841430505518
59815.58177447319,0.0001,0.02227540964163259,0.04676898483159966,0.06301952967781531,0.06506923479903702,0.08198261419282626,0.12175798993830365,0.1266620455467398,0.16922693968260508
61177.18061685562,0.0001,0.021973457853672846,0.04481516523845286,0.0613875348955494,0.06376407483540522,0.07761236386674802,0.11674451723697309,0.12374864128248551,0.16468373404876283
62537.758459329605,0.0001,0.021817220863586003,0.044908296683836425,0.06338911174514109,0.06178445461753872,0.07776860740810192,0.11897753232981287,0.1273042917121205,0.17191964170255986
63899.108939647675,0.0001,0.021417003412477337,0.043534874354947024,0.06187645380860471,0.060124028261369554,0.07581060529913933,0.11798281772317619,0.12317177972247179,0.16769320477786218
65262.11035108566,0.0001,0.02116914977253532,0.04387781644923199,0.06287568982592005,0.06105518011926972,0.07967724241241442,0.11684740373989197,0.12223162948734206,0.16793308582206418
66630.49782133102,0.0001,0.02082648917361893,0.04285475766730631,0.06044719900235363,0.060271572534867285,0.07708214106577507,0.11540731508363161,0.11995848974715413,0.16062880113994193
67999.4216375351,0.0001,0.020551188297323327,0.0455881577832344,0.0612031058183537,0.06291094094651344,0.08082508757234684,0.1187547555018731,0.12736513513658618,0.1652467143108362
69364.46600818634,0.0001,0.02032130006516564,0.044068673664938614,0.06047948001695781,0.061808113996984694,0.07632684449575428,0.12336793644709478,0.12237252597653984,0.17101536345927176
70724.17935657501,0.0001,0.02017503795308921,0.042202329655762434,0.058748467667161186,0.06025131630956048,0.07587302002923611,0.11652214696024998,0.11706769045416643,0.15909360720014884
72083.0724260807,0.0001,0.019752146260343918,0.043461267322191806,0.05914183367480595,0.06084226292978029,0.07966939689040817,0.11533039442200703,0.12437930869650965,0.16438252687574575
73450.20650339127,0.0001,0.019575649582351227,0.043009481191741035,0.05937422256720487,0.061113590173711256,0.07774297147571929,0.11811366916485112,0.12347905025144389,0.1662524320171394
74812.1955871582,0.0001,0.01936774020131339,0.042901970345450104,0.05909536217083008,0.061775572107232515,0.07721450744482347,0.11645199926377306,0.11940578289170789,0.16014089787746547
76184.39809203148,0.0001,0.019119230439327596,0.04473424584255943,0.06309949533523548,0.06253156275349576,0.08211426160029868,0.1163436475474887,0.12254877901731187,0.16230661857414982
77549.82765889168,0.0001,0.018925778912518638,0.04285952248101807,0.06105050033837819,0.061006553677796664,0.07393728720461887,0.11688535188998755,0.11715576318444457,0.15928056128555007
78912.90953803062,0.0001,0.018824559247125616,0.043570402320791055,0.05972369811755554,0.06067689470736889,0.07609224431011727,0.11707600996828472,0.12133923306341587,0.16130344032860156
80281.10077667236,0.0001,0.018617058683091218,0.043117508819272767,0.05858225807365411,0.05961927322333812,0.07540048746981139,0.11492085669471142,0.12185993428064198,0.1631650608155175
81650.44318032265,0.0001,0.018493121238387655,0.04076273002139518,0.05686984563322412,0.057716636589672965,0.07210039538234819,0.11960956493893116,0.11909074270723244,0.1600834658585994
83016.24179387093,0.0001,0.018185531276080493,0.04368851343252869,0.06466948665925716,0.05959867518015279,0.07944613866206783,0.11409458102310183,0.12016566649603358,0.16273764434254734
84383.23194766045,0.0001,0.018003758061834376,0.04134406877718991,0.0589246972160499,0.06051620555611795,0.07262266933271852,0.11819991603275551,0.11949121697811933,0.16009957668417416
85754.69787883759,0.0001,0.01807621620114864,0.04381353941584087,0.059373568599237994,0.061005878777059167,0.07532985286070977,0.12125086788374548,0.12739319920078504,0.16531999605022535
87131.52549862862,0.0001,0.017670258001788668,0.0425451982066081,0.05851180241007307,0.06102208579802082,0.07547838177499183,0.1185312678712437,0.11800112664679496,0.16599418895123844
88500.71494221687,0.0001,0.017589845591684576,0.0434016686548046,0.061310295449979985,0.06046581417523466,0.08052450294545535,0.11568446835744628,0.11905314872486712,0.16016464453643767
89873.88489365578,0.0001,0.017354841180487718,0.04184589586495822,0.05730888322611932,0.05966650994777554,0.07369961549337899,0.11632298356091035,0.11806494383203768,0.16092413574602596
91242.07982325554,0.0001,0.017250687243122075,0.04075519386925522,0.05871783547151768,0.05916169871038462,0.07184619980002319,0.11336369950141888,0.11462948347068727,0.15525260070708993
92608.6668009758,0.0001,0.01700622489787148,0.04169215502221565,0.05740185823899022,0.060149433481561286,0.07330662120315183,0.11315191768945998,0.11923004004081933,0.16123819146596802
93978.4411444664,0.0001,0.016989939222989244,0.04065501720259338,0.059302230282565774,0.057424150302978184,0.07382828694221989,0.11380445453708629,0.12071243647611965,0.16082137876260608
95343.16392707825,0.0001,0.016817704917161454,0.040635151271173606,0.05760083280955709,0.0564911376070303,0.07170176406272605,0.1169450731965883,0.11749710746632268,0.15963173879430528
96712.5594587326,0.0001,0.016671073312899132,0.040241226535228186,0.05681380013735464,0.055588689275485346,0.07169374029437393,0.11414736416049824,0.11522922630404736,0.15611252121987135
98079.0747885704,0.0001,0.01663480850949335,0.040995543496787065,0.056857136459404635,0.0584020064880716,0.07357014890219722,0.11493644870011549,0.12373656506853715,0.16090757062935415
99446.77647399902,0.0001,0.016318301356941654,0.041667928020007815,0.05917892336173719,0.06069734521830564,0.0793537846891769,0.11209391063258199,0.11755622475812798,0.1583877741518234
100812.46906614304,0.0001,0.016254976206690756,0.04074328376972838,0.056408601013957116,0.058383452005176445,0.07135330235106913,0.11550570368746726,0.11628829939947492,0.1636805613996123
102181.83208942413,0.0001,0.016112894596726237,0.04130582125642552,0.06302234573361744,0.0579066541642584,0.07370338114235969,0.11534811835406947,0.11760657027316138,0.15510091772790352
103546.73586249352,0.0001,0.016173491229787545,0.03952340715774517,0.055928205398166904,0.05562741310460009,0.07088709313958484,0.115123042951183,0.11717054211750348,0.15621317891225697
104914.59581232071,0.0001,0.015868970189668513,0.04270485734360432,0.0590216225935775,0.05862853043681099,0.07750807564523084,0.1141650421579699,0.1210010337614961,0.16526131378808007
106284.86087012291,0.0001,0.015844043021342097,0.03961606466874829,0.05661780043737771,0.056705178763578584,0.07329279196321671,0.11342411058911486,0.1182898129053676,0.15542699800042337
107653.0064637661,0.0001,0.015674742027027126,0.04249667799226948,0.0561276248481082,0.06126460504470388,0.07477211912929994,0.11326417821877416,0.11514503137844291,0.1595322965833448
109017.38206958771,0.0001,0.015447526128294397,0.044116499390268286,0.0584084349191736,0.05956590755000971,0.07562523386797294,0.11630862119842535,0.12954774761709445,0.17982490789242392
110380.78523159027,0.0001,0.015403239671210059,0.040815596497766136,0.058660801601840416,0.05707206568273823,0.07235790351308462,0.11284415705445117,0.11887374673751434,0.15695779228900472
111740.27013063431,0.0001,0.015376393750069177,0.039010495903778204,0.056372496711665346,0.05583324624307309,0.07106102386877335,0.11066989611440008,0.11324431681380255,0.1510669247943224
113104.23846435547,0.0001,0.015314781037701461,0.03951922258063154,0.05686494048656972,0.05636611346816651,0.06970514274357595,0.11407421711577162,0.11471169172022533,0.15696773548309156
114465.16438531876,0.0001,0.015131377239582399,0.03863495043754046,0.05538064465891522,0.05603031870881754,0.0713749220903169,0.10999766002695467,0.11428417219530748,0.15354048196823733
115827.24363517761,0.0001,0.014892838009659213,0.03923560366483038,0.056318362229204035,0.05770164026633185,0.07057851572799394,0.11049766081582611,0.1161032320322582,0.15565461681564308
117187.62621188164,0.0001,0.015056743840103918,0.03933504450658218,0.05586560431051193,0.056665188600162356,0.07008592543277856,0.11530868617569219,0.11566231323175111,0.15652821959820176
118544.97487783432,0.0001,0.014791266816088925,0.03927427334466964,0.05617520985852679,0.05962381062471217,0.07099479751306616,0.1103867698995509,0.11504981884566418,0.15429865134478457
119909.87815380096,0.0001,0.014765007829986992,0.045575023399055455,0.06122867883679549,0.06736736085164362,0.08044462377162713,0.1155983964822799,0.12118118728087764,0.15980492864978166
121270.08246898651,0.0001,0.01473945292096976,0.03949741726988301,0.05746018854749785,0.0562566781565736,0.0722017027627947,0.11393126995299133,0.11533487399740089,0.15654759867994067
122631.69181013107,0.0001,0.014459654267957806,0.041110847832779365,0.05676436791125701,0.05516844404593555,0.0722830109652972,0.11280245358105884,0.11766394191511989,0.1625984645583865
123989.31703901291,0.0001,0.014526156597609505,0.04005328983181637,0.05464047362625377,0.0547109678531994,0.06859915605851927,0.11248375317193073,0.12018212361125538,0.16434283605954592
125351.94532394409,0.0001,0.014320877482992017,0.040054674096973435,0.0551123026430817,0.05786502297124759,0.07112085238300897,0.11585635984864637,0.1159659426370374,0.1585194081865375
126712.29908394814,0.0001,0.014234869893680512,0.03862054827807361,0.05635972081772354,0.05760421176238203,0.07063071506766339,0.11001390201684784,0.11249767219791625,0.15414188828067948
128074.65714716911,0.0001,0.014282394953627155,0.038614713510658295,0.05560121089568652,0.05540760142292991,0.06999774429565513,0.11054790716028447,0.11244023829603284,0.15430088250219431
129438.14928221703,0.0001,0.01411606699379159,0.03681020123677468,0.05451186633258523,0.054061645365554994,0.06750537521218762,0.11038615241027452,0.11011259624367509,0.15352635696121644
130799.65443944931,0.0001,0.014102777224810435,0.039000640280618476,0.05406855409544199,0.05814510488993073,0.07334068458301592,0.11074261205597155,0.11258530344963875,0.1529841816186624
132164.56098484993,0.0001,0.013950436222862038,0.04037864465041163,0.057989362452842405,0.057848071586982026,0.06970847591371362,0.11411260944734253,0.11935454637098047,0.1607152620750747
133527.72857570648,0.0001,0.013811532944586057,0.03755055801097279,0.05398267365557786,0.05671280265628237,0.06922695547113497,0.11086275925364295,0.11506737477045638,0.1499417003469196
134884.2660522461,0.0001,0.013787503348200773,0.0379406498224135,0.054641604533505486,0.054267555314925615,0.0694036431444383,0.10955504546276994,0.11213996735121412,0.1537023514544304
136245.72446346283,0.0001,0.013851966995216587,0.03993210345942739,0.05380946797450067,0.05798954393876326,0.07338730531758683,0.11139418399636841,0.11598173997407406,0.15662769633031104
137605.8564825058,0.0001,0.013650486348979515,0.03899719164101459,0.05579861641998578,0.056020345348717374,0.06953581979574923,0.11176882884567803,0.11303384797392159,0.15171374914402636
138963.81532526016,0.0001,0.013702986422037298,0.039248970627977844,0.05561270472315918,0.054939229198087636,0.07030991837198194,0.11182974549469554,0.11424008012319402,0.1546127847724143
140322.01870965958,0.0001,0.013613033186791416,0.039592848527956435,0.05471093118310568,0.05767196693038692,0.07142091425895973,0.1113052595229376,0.11616260675835967,0.15403997861996016
141676.77409100533,0.0001,0.013633621287407367,0.03820809762080801,0.05485562162032579,0.05432860938473554,0.06931093053812407,0.11098824352923616,0.11513250303974501,0.1528023179283893
143036.83724069595,0.0001,0.013518820687574644,0.038097456021965334,0.054777654306378494,0.05448829749577434,0.06765503032411192,0.11137699443002592,0.11374893727355506,0.15511876778953226
144402.0755455494,0.0001,0.013438722405980593,0.03906828691106219,0.05626678901227908,0.056573552045098535,0.07245111634748655,0.11142554348132515,0.11471494448098714,0.1510658585501704
145760.23515844345,0.0001,0.013419264301892157,0.03903840039272709,0.055603398719436155,0.056672914547088914,0.06877598823709635,0.11095200454709346,0.11426061457522926,0.1547328319169246
147121.6404759884,0.0001,0.01319589742098206,0.03951777064863389,0.05633890338932145,0.05807178181999421,0.0691024503769476,0.11294960574471508,0.11357166200259429,0.15511945303734476
148480.05200099945,0.0001,0.013283755763512768,0.037675979392553204,0.05463400264639309,0.05407585176937568,0.06820136278228447,0.11518507904021924,0.11590295006545649,0.15387529833798616
149849.10559988022,0.0001,0.013155856804521153,0.03820880810042829,0.053751087388260455,0.05612055003145169,0.06847298353082631,0.10980907385946624,0.11705660102404711,0.15720412606003908
151214.08365631104,0.0001,0.013083724316883451,0.03808743784532736,0.05387519161572916,0.055048452853928675,0.06909174621232853,0.11138135889814936,0.11897804527777765,0.1562365942404123
152575.7852215767,0.0001,0.013112962262678565,0.038620560514868355,0.05477097417115026,0.05645307270123415,0.06890742637921866,0.10932547119797911,0.11526950136210688,0.15310618082281116
153942.46584916115,0.0001,0.012899869442962982,0.03845492638743596,0.05462849388020746,0.05482121688829049,0.06993446597087018,0.10848101481592216,0.11758958358125175,0.15410250299971412
155305.80343651772,0.0001,0.012803941631194303,0.03740047093061886,0.05367538194380787,0.05284328123984759,0.06772024310036992,0.11180626982975023,0.11150845957989848,0.15331045265011609
156670.50026583672,0.0001,0.012971861748857134,0.03935560266992935,0.05417173824544723,0.05495533973097412,0.06808055838060409,0.11234418699562038,0.1215094829095086,0.1639565197522444
158037.9536743164,0.0001,0.01277320487838373,0.03693537526751516,0.053172443033957656,0.056135496076814714,0.06642374053905303,0.11022153274591334,0.11356592187872644,0.1526843830729983
159407.37847566605,0.0001,0.012680355899530666,0.03892375683319031,0.05520156401692947,0.05467641383336833,0.06770326667470027,0.10981175282898925,0.11693121750367204,0.15750039323861
160770.41342139244,0.0001,0.01263105854195289,0.03733546444601114,0.05309295964604756,0.0538244944369857,0.06734370657779337,0.10860622039491954,0.11277319390364976,0.14994184468985206
162132.66518568993,0.0001,0.012549503532552936,0.03708216858090191,0.05466545806527668,0.054149411620428044,0.06659590719936274,0.10912870722909819,0.11221443916257735,0.14898787922035178
163501.94811534882,0.0001,0.01267326441197114,0.03856898710721379,0.05476663201333443,0.05532397080652639,0.06929844430676912,0.11048353117522859,0.11751972292582033,0.1555511199643711
164865.8164150715,0.0001,0.012564083928430288,0.036770255075027354,0.05464150193943538,0.052859689216831145,0.06717056225518968,0.11000393914510441,0.11207544429523263,0.1515124457744603
166233.67054247856,0.0001,0.012425550311169525,0.03851156147407656,0.054107221442630506,0.054356088472526626,0.07052770936432935,0.1101388282172511,0.11188153767353072,0.15200431898910752
167599.38718390465,0.0001,0.012463283269303727,0.03800303582392774,0.05357786079478887,0.054989948596004645,0.06815593455304361,0.11020392992872392,0.1126220825694134,0.15300701554327445
168966.63997268677,0.0001,0.012477516716822649,0.03683695350846311,0.05283929215274441,0.053728345486354884,0.06665733943971763,0.10954484068222084,0.11178950271120221,0.15041286478374777
170338.91534495354,0.0001,0.012622942710634782,0.03701825650557336,0.05400334538461003,0.053402655541282096,0.06801896680697228,0.10940164286500975,0.11111577217995709,0.15098963956449363
171707.6146965027,0.0001,0.012284675444115784,0.03862395006197701,0.05598650096790367,0.053586880205370786,0.06904533037915764,0.10973567391372621,0.11560440581995851,0.15445378184539188
173074.68949246407,0.0001,0.012220243848247344,0.03815799348981409,0.053366826116290456,0.05326963878514767,0.06697294779156,0.11048522068558368,0.11902319266702638,0.16044949311791257
174442.04467749596,0.0001,0.012156150966993974,0.03637791820456572,0.05288848671442893,0.054048796381709674,0.06656179851454806,0.10721691437447972,0.11121247290822767,0.14820677020945736
175806.91740942,0.0001,0.012111926897847914,0.037167693308005345,0.05300737881433426,0.05248260155947166,0.06482661178333644,0.11214911349991566,0.11549527301002828,0.16019672144347924
177171.40845131874,0.0001,0.012013227857851748,0.03659821452644063,0.053951672499936126,0.05375121616259403,0.06639888965418525,0.10980257642162823,0.11315133575435923,0.15004175196347083
178535.17999625206,0.0001,0.01213850549570248,0.036271212677084066,0.05246383085875869,0.053533959446522845,0.06536286286284274,0.10861494820787512,0.11135649051496563,0.15090210825310157
179904.87956500053,0.0001,0.012027290715586735,0.037686210536551655,0.05480612815752105,0.05304929337343151,0.06923637883015615,0.10858558168239552,0.11264864313829112,0.1521884919055359
181269.79582071304,0.0001,0.011877937011852599,0.037342190337933207,0.05351467479641832,0.05309752291099429,0.0664293298478095,0.10981190254767295,0.11325146522903892,0.15490553472532723
182640.8377380371,0.0001,0.011847668046344208,0.03784335628748895,0.0535733957432684,0.05421213039652025,0.06878133407593276,0.10918955652075506,0.1136873850221889,0.1535589781831295
184011.74294281006,0.0001,0.011888502311326722,0.036561396320162545,0.0530781967054109,0.05292453955962177,0.06701462478738879,0.1113732875687254,0.1152512085155949,0.151177040057894
185383.55375742912,0.0001,0.01191606424142265,0.03736890289847352,0.05438993147536712,0.053254751777577436,0.0667273543482695,0.10884953628339772,0.11576263954317291,0.1536773859040416
186748.45937252045,0.0001,0.011806594140546656,0.03773579443862024,0.054424822029986844,0.05681722641900531,0.06724036403329076,0.10980648940688288,0.1130768003717288,0.1498274495660627
188109.6262805462,0.0001,0.011660098938442392,0.037463283472655005,0.05445565121614339,0.05379990590049186,0.0670099492371426,0.10858368789349343,0.11789287143076146,0.15260950064350212
189475.29578185081,0.0001,0.011638676018472679,0.037390453323520464,0.05532774292360974,0.0529696804300172,0.06792849833154023,0.10919072526523847,0.11228979803307097,0.15288785042314243
190836.9480087757,0.0001,0.011659912792962626,0.03687824169900621,0.05327296981332628,0.05391444303280691,0.06758761842732626,0.10976054213894712,0.11457125598857164,0.15199482673630257
192203.2984070778,0.0001,0.01168190569493956,0.036509016257790704,0.05293632783883172,0.0533220828433336,0.06610884098932965,0.1077028729790051,0.1141975162387516,0.14997307930894518
193563.21255397797,0.0001,0.01154446395358289,0.036223778437481466,0.05226391229626688,0.0528825152887674,0.06589773367521944,0.10767427478477687,0.11186366999026964,0.14903891277136716
194929.7608754635,0.0001,0.011461103857013042,0.039149038705594816,0.056662934683289076,0.05406957379708891,0.07133429848368884,0.10763141953662331,0.11695703180594896,0.15694156109073157
196295.20087099075,0.0001,0.01143311413972149,0.036832523670949774,0.052166793117719906,0.05352000966817882,0.06731692587643102,0.1114075412137248,0.11184412895399534,0.14797152775657432
197662.35619854927,0.0001,0.011443815231870155,0.036882743157509716,0.05294377060084843,0.05328557027799733,0.06567437601087907,0.10934079802640055,0.11396744060993756,0.1581473804053766
199025.211073637,0.0001,0.011453684891812652,0.03798280535097086,0.05286936505574827,0.05304490110973082,0.0671378899423478,0.11036540144885527,0.1148664962557376,0.1522882794683958
200397.55868554115,0.0001,0.011335842879905534,0.036869194892332695,0.053360740821629976,0.051906815006464345,0.06719355416410253,0.10816283934489056,0.11447922963897889,0.14882948559862624
201758.37690281868,0.0001,0.01139368193006879,0.03713313874660357,0.054365442150243797,0.05175149482769873,0.06715183755884752,0.10901969750481544,0.11324677985313865,0.1524190892279399
203120.33721113205,0.0001,0.011249302204439326,0.036302197036756995,0.05228415935128842,0.05192016316018366,0.06694670452380747,0.10981346673081263,0.11219613316503214,0.15341872001925883
204488.5162742138,0.0001,0.011293150817006046,0.03783551280837352,0.053961027740485557,0.06115498533952672,0.06780221327206909,0.10885802844588491,0.11384193866757979,0.15324824375474813
205850.1223297119,0.0001,0.0112414249897926,0.03606788461154208,0.05324522828092653,0.05410289175334867,0.06527485423333335,0.10864731239666747,0.11157933800244159,0.150498402132724
207214.76667404175,0.0001,0.011177551439941908,0.03652871613584899,0.052029428036155026,0.053171817267183424,0.06588381793401658,0.11094760260918156,0.11273961189157049,0.1544164636210121
208578.2614660263,0.0001,0.011407558538702983,0.03684926904398437,0.054811064095358714,0.05242196341932395,0.0677198556004578,0.1085131318806278,0.11377247263842433,0.15067282492075829
209944.66935658455,0.0001,0.011104403201668544,0.03722581404371347,0.05415963579816572,0.052375588267663545,0.06573966544496745,0.11394090618767082,0.11446300765269737,0.15449559203145802
211306.5280957222,0.0001,0.011141693412646566,0.037304282216033345,0.0521589675928962,0.05578855519561996,0.06874208950895058,0.11189890662046789,0.11583821708438334,0.15347746867594364
212671.1566901207,0.0001,0.011091422062697863,0.036631316738904,0.0555773705421804,0.05189873346904659,0.06805200635937121,0.10891240802092843,0.11335434949038989,0.15129509155505155
214031.0970389843,0.0001,0.011078363611858552,0.03959725794482067,0.05613713855385808,0.05923972743313224,0.07320870460798219,0.10978551699660673,0.11183796948642817,0.14951352884166472
215400.34764170647,0.0001,0.011010510960186464,0.0366419858540073,0.05196617784333263,0.05170795338158317,0.06506847651803185,0.11338434768168389,0.11318731192394718,0.1506397865365375
216763.3796133995,0.0001,0.011125358445538441,0.03674743480805449,0.052893740521447026,0.0527351848353208,0.06597901619679884,0.10936604070880086,0.11537349985822491,0.15267752529935727
218120.58261680603,0.0001,0.010995437751534836,0.04388332339631832,0.06029655129800554,0.06110096493007214,0.07983292659042561,0.11479836915972737,0.11921352375723107,0.16270222801081405
219476.12173557281,0.0001,0.011057540421722092,0.036469168590206276,0.052178171542084484,0.052559711763527195,0.0667318861042005,0.10898410489658264,0.11163332146184524,0.1522834193881024
220842.2003786564,0.0001,0.01086326533958688,0.03577586866358717,0.05157847468741207,0.052547415547386386,0.0647171646402736,0.1086006515980489,0.11128269070510248,0.15180741382652152
222201.3728196621,0.0001,0.010797560754820825,0.03572013464102464,0.0539859592032757,0.05210153468029555,0.06396567971157499,0.10793997578281517,0.11234678469200879,0.14974428145909136
223562.4389050007,0.0001,0.010781171090157223,0.037065476180031406,0.052136769958247724,0.05340091985919149,0.06959852654912954,0.10985817043504069,0.11273665206161147,0.1497180990231633
224921.94425296783,0.0001,0.010764608945316593,0.03732684059984828,0.053674175286081705,0.05238146375933606,0.06731886874942428,0.11080083922466887,0.11402639174489447,0.1545335175351986
226283.86095952988,0.0001,0.010731828769843698,0.03665249075599372,0.051935964205884956,0.05224742309766851,0.06535148272196493,0.11023328072812529,0.11546810727046833,0.14986867774682236
227649.47530388832,0.0001,0.010779172188925821,0.03692136150325359,0.05343550138251346,0.05264134913984408,0.06586268286818299,0.10896654953845077,0.11454964161982305,0.15152820276327453
229006.8259115219,0.0001,0.010742857408867925,0.03567027789179792,0.051749502517799244,0.05294514773003866,0.06411143904160603,0.10654224860794553,0.11049829425182725,0.14838585058446888
230369.97417497635,0.0001,0.010683792797836638,0.03513311260006595,0.05194064094629935,0.0513654914192833,0.0635966471405869,0.10823844206487614,0.11172405065821013,0.1515017336874764
231736.68113398552,0.0001,0.010723789199873041,0.036300422204917956,0.054042348563484534,0.05244911919085291,0.06560084426920357,0.108167166744401,0.11283893411596395,0.15099530089248536
233105.66310024261,0.0001,0.010575922046817269,0.0357479528703731,0.05145485100508435,0.05118593111594484,0.06442947935094126,0.11083023880700682,0.11273983283394337,0.1549293463947836
234474.50497174263,0.0001,0.010826747540668674,0.03604794572986903,0.052385702098298535,0.05158577550075809,0.06398935934916655,0.1112286742440021,0.11336766138494807,0.15315538748093332
235839.7230975628,0.0001,0.010611740578260805,0.036899365091627855,0.05383569617071726,0.051926785357199,0.06561534911224236,0.11706849482852602,0.11241052955785183,0.15101677172315978
237209.46304559708,0.0001,0.010587949744113596,0.03678048848164908,0.0519360783756174,0.054330219741967285,0.0653083760984498,0.1111739661062524,0.11190889263251365,0.15172276514137753
238577.3308339119,0.0001,0.01054418559071749,0.03509836472179471,0.051636162917850996,0.05191520932244211,0.06423200887016828,0.10744056407999715,0.11086772457981238,0.14705367752664442
239946.0218513012,0.0001,0.010510629101662977,0.03692911059848462,0.053775157624914985,0.053825008390550697,0.06580525011540073,0.11022710559465619,0.11422460275869387,0.1527501554294967
241318.85266590118,0.0001,0.01059332919412035,0.036019664475514676,0.051868705196613775,0.05205591376041705,0.06535538866153136,0.11089177471047276,0.11078638936080015,0.14896444830652963
242694.91035747528,0.0001,0.010463100254587222,0.035838299099882336,0.051966739913031405,0.051800063054284064,0.0650079663634367,0.11036936907420831,0.11038866415481946,0.14902710826353213
244069.07964611053,0.0001,0.01042189374899569,0.03887204041290787,0.05590987775450605,0.05283929288555218,0.06905504551792958,0.11031826670154185,0.112669182665196,0.15215748651810374
245444.61219334602,0.0001,0.010406412050606374,0.03701346731316942,0.05155847344336751,0.05401763111272398,0.06440291077447506,0.10862328431310626,0.11369315477787957,0.15349531962015844
246813.68781495094,0.0001,0.010337115106362394,0.03632745589030992,0.05278698050518979,0.05325201211225975,0.0654522562864416,0.10684490380374627,0.1117502404456786,0.15145180027993985
248189.27130913734,0.0001,0.010336726330587822,0.03627938717700242,0.051453774849497834,0.05500652252755773,0.06662584476492316,0.10724802320500566,0.1121429019547584,0.1501767708158806
249564.15483808517,0.0001,0.0102916739830465,0.03588985487701394,0.05142233037780492,0.051801516579605175,0.06357464199502322,0.10925066497176258,0.114347703650847,0.15626534131085573
250934.60802841187,0.0001,0.010266667381375324,0.03604113514422996,0.05257687964523136,0.05064620903608351,0.06537816685080124,0.10865974843492016,0.11135968436812504,0.14961725891629354
252311.46023631096,0.0001,0.010244261369673668,0.03661041052099899,0.053083911869544684,0.05273251339379298,0.06816579601965711,0.10660796435858572,0.11050937448750636,0.14964953781518192
253685.05752563477,0.0001,0.010242369730007299,0.03596041280425329,0.05241193230562444,0.05207109399248636,0.06538331906930388,0.10619051561158213,0.11374683804520448,0.14831070937673874
255056.32339072227,0.0001,0.010256678066818327,0.03808066413383267,0.05357980602455083,0.05283579997264902,0.06865031299938609,0.11145452656329491,0.11544736635598714,0.15616261251001232
256425.0007147789,0.0001,0.010214684302631012,0.03738989013983321,0.05292420528831307,0.054750715607241505,0.06755940081586224,0.1058266429653999,0.1128560054458674,0.14986818434111743
257792.87166714668,0.0001,0.010181257045682277,0.03637858609647626,0.05148415058156977,0.05118914635853145,0.0646413541467835,0.10684932026421003,0.11240513570858697,0.1531028044097415
259166.25040245056,0.0001,0.01016030733386533,0.03662338047781533,0.05676699291167532,0.05149343202751729,0.06534201582949764,0.10620822646532439,0.10919436402198905,0.14704008090782902
260536.85041761398,0.0001,0.010103151456351067,0.03578379993849209,0.05195684379013395,0.05219752072444437,0.06480153155934104,0.10742687501029577,0.11137080809373195,0.15096690801986035
261902.02400922775,0.0001,0.010035880314433898,0.03734644250824856,0.053459793108291825,0.05171048470093605,0.06810611780049039,0.10673284667039307,0.11302221718007781,0.14939946045523317
263269.3979346752,0.0001,0.010048027127953526,0.03527606787583651,0.05129770791260759,0.05091424839383743,0.06343045404838878,0.10806502498361613,0.11130747668433827,0.1484328555916368
264641.51055550575,0.0001,0.010139043347981082,0.03558781214479934,0.05130410046706133,0.050446868136261494,0.06434395669999164,0.10629352439278288,0.11119565093394945,0.1486284084719639
266001.2016386986,0.0001,0.010070198287893812,0.03694590704425767,0.053119238426376676,0.05141695827940959,0.06525410566971311,0.10910165247723809,0.11136853281705042,0.1514035218616096
267369.9933080673,0.0001,0.009971279807195792,0.03606762987041873,0.05264827080458612,0.052564763075995315,0.06493162205004882,0.10638206100977372,0.11191029047576863,0.15105542363531557
268734.71478128433,0.0001,0.01003026544369463,0.03650299456830208,0.05291234858916137,0.05380072326568871,0.06412149518124334,0.10739811337718293,0.11192616772695801,0.1512176464567998
270101.0144326687,0.0001,0.00995094968073593,0.03871685849248827,0.052809636515641536,0.05424165745372297,0.06990958321856142,0.10720571227172358,0.11616551023068782,0.15828887276550785
271471.8530189991,0.0001,0.010020315046452044,0.03624241529066331,0.05129810941172587,0.05149324526562597,0.06430385556542,0.10787384309051375,0.11671174391439702,0.15264980455610702
272836.1606621742,0.0001,0.01004608160094303,0.03733221125101656,0.053869129221004695,0.05360319774822881,0.0690441495437607,0.1078939818982903,0.11155114955880437,0.15101076787155565
274206.0506300926,0.0001,0.009914561381907407,0.036480474779475795,0.050740114683892654,0.0555500450506529,0.06555404233447001,0.10689163769653465,0.1154354387976075,0.15261325620750416
275570.0779950619,5e-05,0.006619912544013936,0.03322441900018426,0.04784680498526585,0.04786607753017156,0.06001924395722264,0.10328043147046498,0.10676636748064774,0.14436677746674076
276930.6539430618,5e-05,0.0059253064216998755,0.03225764278478198,0.047969347268196655,0.04726269969024306,0.05834034677902876,0.102869331565907,0.10649938026893506,0.14312465807092967
278293.12139081955,5e-05,0.0057226070757405885,0.032636269115491945,0.049023653723316934,0.04686648464430898,0.05861399159910196,0.10375623495996389,0.10640325971811523,0.1429505991691013
279654.9750237465,5e-05,0.005649728208501803,0.03248566842818095,0.047932678508013804,0.047037707161958764,0.05840392162066959,0.10429864930280146,0.10687573902508275,0.14364047187276907
281015.6146144867,5e-05,0.005571065855880748,0.03283574681709871,0.048287744368747644,0.04645001946997967,0.05877662068352267,0.102483391300428,0.10718604602357183,0.14394023800345557
282369.1474597454,5e-05,0.0055204804156508665,0.03289624925918509,0.04762713124895101,0.04765765838401864,0.059036152932925835,0.10314293997307408,0.10706894806533394,0.1434486186125253
283736.6342051029,5e-05,0.005475345862591831,0.033184113723670784,0.04822916679592234,0.04771855536733782,0.05885739835381975,0.10300794803953804,0.10905620519679222,0.1444439832036511
285105.99242401123,5e-05,0.005449787720727004,0.033172995711982026,0.04949110510903193,0.04780467207105617,0.0588742012898884,0.10329219024429694,0.10718650784673824,0.14469237989916378
286471.21447610855,5e-05,0.005422526038328196,0.032912690281907436,0.047889272488457015,0.04714234626558515,0.05899699657586871,0.10563854422610194,0.10887492526195355,0.14386335035857178
287839.2378706932,5e-05,0.005375888517332005,0.03301521855796591,0.048926408909357705,0.04719799416573453,0.058998477997475506,0.10351922683356367,0.10811392110183989,0.143934013986756
289201.92943167686,5e-05,0.005359671547923424,0.0327495162714524,0.04795705199402684,0.04737299670349877,0.05855037970905693,0.10294288058844997,0.1073052326291574,0.14521413807834457
290562.370834589,5e-05,0.00533056765643253,0.0329117151568026,0.04809779083714257,0.04808659947073838,0.059370400430406,0.10350049611155321,0.10860255011079208,0.1439252808582255
291925.96359682083,5e-05,0.005319365837753958,0.03326507104761118,0.04828257761683793,0.047672469368858536,0.059336551591125976,0.10401611313682683,0.10906181616472632,0.1444982607196562
293293.30318546295,5e-05,0.005285285620317127,0.033737398358568066,0.0479073309223555,0.047222051348590845,0.06101588650375714,0.10446878773745275,0.10848056469704995,0.14403440475704574
294655.33297896385,5e-05,0.005275433257029185,0.03288286507800388,0.04759004894656174,0.04893837788202503,0.05943574517392818,0.10361693247628698,0.10769013959952684,0.1434955135371455
296015.4099509716,5e-05,0.005256883875698535,0.0334888446841175,0.04803913120163061,0.047647660315407965,0.05912125954742215,0.10488571656105315,0.10827496483102102,0.14784634949762612
297377.4878759384,5e-05,0.005219936304624496,0.03328667068619067,0.047872809312022216,0.04844621136966712,0.05837303843701384,0.10458593474440596,0.10912748275632793,0.14622333969268336
298741.47440481186,5e-05,0.005211897516562476,0.033009826884838084,0.047283349628248005,0.046989083343618385,0.058061741565714524,0.10387248903056617,0.10872739117674689,0.14485488574993885
300107.08958888054,5e-05,0.005187236559272398,0.03310456052575667,0.04766228455185886,0.04741050722388963,0.05872599757433747,0.10463700309739296,0.10971903764858564,0.14557619931700655
301467.4808111191,5e-05,0.0051807214073061065,0.03266809157347888,0.047444804766892314,0.04678416239321301,0.05793837487723133,0.10465757296820713,0.10750218109863487,0.14402145948671602
302824.981010437,5e-05,0.005166718924292051,0.032993926991212286,0.047313475476061045,0.04668596431982686,0.057943460678063635,0.10481197954768708,0.10890557538093029,0.1464172571611669
304184.90198016167,5e-05,0.005145623777809776,0.03360997405289408,0.04875650261021072,0.047655748752511634,0.059268375205704556,0.10353811345236,0.10824275771496013,0.1461321250890494
305545.13154292107,5e-05,0.005127085326563214,0.03362604340789123,0.04805345717377983,0.046982338946917696,0.059363808289065685,0.10377712296292213,0.10906068901210927,0.14551640178706737
306904.76759648323,5e-05,0.00513374937567489,0.033301760746234116,0.047586196517428986,0.04728056904795244,0.05892038194503716,0.10456890348190212,0.10884934712415108,0.14578200616199483
308263.4231109619,5e-05,0.00509831187280396,0.033333662124490834,0.04826907207515786,0.047269109419403314,0.05892561093920864,0.10493667459078716,0.10763622410927641,0.1473824538788209
309622.1061589718,5e-05,0.005094131827137552,0.03339697291278732,0.047842168486677265,0.047347474801406435,0.05830029557260235,0.1044026292495689,0.11128874369568642,0.14789578310070908
310981.5453939438,5e-05,0.005094114022083968,0.0337032019009361,0.04808961067361853,0.04768274487333638,0.060781096350777865,0.1050808883447469,0.10989282497468268,0.1471194000370912
312346.40043759346,5e-05,0.005069174610217892,0.033197160771816406,0.04779878710320944,0.04768310005311153,0.058352695646119154,0.1040869007081711,0.10945271632796924,0.1459144640707035
313709.32392144203,2.5e-05,0.003970492904789091,0.03226368665001371,0.04629169880033871,0.04549162959398683,0.05706971964100337,0.10302439936278907,0.10748503641129022,0.14424931423322693
315076.3879542351,2.5e-05,0.0037537908609986364,0.032355477458822314,0.04640585608119261,0.04535147797809393,0.05639504563447463,0.10403041833180803,0.10790988752261449,0.14449215504971896
316445.7404949665,2.5e-05,0.003709086052077963,0.03214904595473511,0.0461808049606921,0.045206721265591596,0.056386071035640355,0.10364450983942589,0.10737869493010148,0.14338954022972547
317810.7522201538,2.5e-05,0.0036821023721173734,0.03247762353219447,0.0464800944921114,0.04582784136293818,0.05684116629934526,0.10341857295234497,0.10768786405205186,0.14361750192961548
319176.51614284515,2.5e-05,0.00366244990732854,0.03231992963814398,0.046366099851866516,0.045221358498639966,0.056394989531595364,0.1035976460460218,0.10797738457255626,0.1437056994329854
320544.77478814125,2.5e-05,0.0036435909038491313,0.03256564569515991,0.046581564666356885,0.045832946591891584,0.056566305795121716,0.10401558358521247,0.10803283829490845,0.1442387086783879
321908.23322844505,2.5e-05,0.0036290258928769435,0.03237616075109379,0.046672006659564474,0.04551563195447489,0.056476236776275064,0.10389178597162854,0.10819385418251229,0.14394320704289884
323274.53509783745,2.5e-05,0.003613898039710907,0.032427190765536025,0.04630231091349973,0.045297826223485126,0.056743627945914636,0.10350413557537554,0.10829159271911641,0.14424846478429643
324644.2995955944,2.5e-05,0.0035986668722615416,0.0326387751383791,0.046387964816827026,0.04553193602005282,0.056549776024258924,0.10450359492435933,0.10862712218828441,0.14511492688427585
326008.79234933853,2.5e-05,0.0035890438393774557,0.032708895102858654,0.04624828635073128,0.04598048926524155,0.057445708544801306,0.10370560589411153,0.10851908504371187,0.14490420818730032
327377.09981536865,2.5e-05,0.0035756448625973223,0.03248163484454304,0.04652044777736785,0.04564481166626634,0.05664185043331693,0.10368361040616345,0.10807188383541624,0.14478760517427822
328744.7977347374,2.5e-05,0.003564325398385966,0.03249441647713686,0.046509640625883884,0.04545195171101772,0.05665839451762172,0.10439494449282342,0.1087189325575433,0.14470567603755555
330118.14724349976,2.5e-05,0.0035550233422251437,0.03270204447853818,0.04640059366804076,0.04583583162466758,0.056887974774112005,0.10364398815085064,0.10916249135839162,0.14494969971990737
331488.12794184685,2.5e-05,0.00354150712185351,0.03302034135846112,0.04703471299164252,0.04556652672421642,0.056991535830353976,0.10425380470574995,0.10892510687424321,0.14604896887693064
332867.3979604244,2.5e-05,0.003534120045175007,0.03286665537125413,0.04660609433150471,0.045527119345022994,0.05740042730722519,0.10401265396125867,0.10948437131375911,0.14533809810781567
334235.31448316574,2.5e-05,0.003525321304701002,0.03295574886459596,0.0468259257120789,0.045867808510543936,0.057441564276998584,0.10411683104564982,0.10918675423992336,0.14607999925759432
335608.6630551815,2.5e-05,0.0035123593783948394,0.032558852591130824,0.046377737355815934,0.04583482413501055,0.05653583658967459,0.10444599848372876,0.1089914467034668,0.14468581259661845
336986.1848318577,2.5e-05,0.003500542878720204,0.032732129466360164,0.04618987945509631,0.045263924889759694,0.05637418558783828,0.10458373140851476,0.10919221469935957,0.14515619107053354
338355.36243224144,2.5e-05,0.003490749463101725,0.03275723003853972,0.046418061126472177,0.04560257555308258,0.05659093226061657,0.10450709550123553,0.10901148875775049,0.14554877327725319
339726.6517820358,2.5e-05,0.0034866789449006317,0.03305010249700144,0.046664526711665384,0.04666802145621974,0.05765719441881431,0.10458651307895692,0.10895627114220378,0.14548826009040125
341102.0017826557,2.5e-05,0.0034693801690143205,0.03274969383317576,0.0466869151895885,0.04546892140393925,0.05673042735832245,0.10564376191420526,0.10917333289968352,0.14567106273185118
342467.50276350975,2.5e-05,0.003466855840207591,0.03281643667964082,0.04650386453927881,0.045722572823097773,0.056842717532369344,0.10468451286353148,0.10916843232072686,0.14531592209090816
343830.86236071587,2.5e-05,0.003454973234636618,0.03290720292136806,0.04660176742198247,0.04558607681546283,0.05703294616565857,0.10563269019347539,0.10927684005113557,0.1457629917888715
345195.65895986557,2.5e-05,0.003448639424348648,0.03305534401005487,0.04627171193258331,0.04573716210474068,0.05703290011046993,0.10566049044970288,0.10965468710306897,0.14621383155332998
346569.53052926064,2.5e-05,0.003440674349141989,0.03287489726953104,0.04666619872908611,0.04561113642239642,0.05659006582602209,0.10486395592122252,0.10976183229918514,0.1456166856641543
347936.2500388622,2.5e-05,0.003431692201791283,0.03291461511998912,0.04648210212125303,0.04559689816009539,0.056735446977161284,0.10503110912900049,0.109905533335856,0.14574940347438828
349305.4815940857,2.5e-05,0.0034195111731728624,0.03281524707596965,0.046833670289753146,0.04589184368240794,0.056822108383402445,0.10496372657453655,0.11000477035559529,0.14563733861840736
350674.4507551193,2.5e-05,0.0034219996516718213,0.0328900796233042,0.04639363803440564,0.04590215992829745,0.057276230026671725,0.10521496535751648,0.10922496430745093,0.14566730409885684
352044.9269185066,2.5e-05,0.003406550489090084,0.032946717422590525,0.04626687182096159,0.04572849026525341,0.05684376601556321,0.10541526657071114,0.11017778780591542,0.1464815703221449
353414.4048027992,1.25e-05,0.002984401013920919,0.03261574524380277,0.04587807252798376,0.045015372800145136,0.05585026052065778,0.10493045251978862,0.1091559183641694,0.1455598291114346
354781.7918431759,1.25e-05,0.002923211828764488,0.032580073757295436,0.04578268551159512,0.044830069664453666,0.055945429653778724,0.10485074946560603,0.109571390484552,0.14584931233265014
356147.64178848267,1.25e-05,0.0029081453399627728,0.032560026385432574,0.04581455744614165,0.04496250995446942,0.05574571959068718,0.10513501261172423,0.10975726093985949,0.14611734632649007
357512.7466645241,1.25e-05,0.002897405674207391,0.03255169330801505,0.04577257153292559,0.04508702810736495,0.05586322860516034,0.10492070676420708,0.10946668760455178,0.14568386016902188
358887.169103384,1.25e-05,0.0028916863790061672,0.032650533610466374,0.04599541654507919,0.044821555313826304,0.05610559624876786,0.10536529655591338,0.10998269387533544,0.14588115930597367
360255.98709511757,1.25e-05,0.002883763746213868,0.03279400653620598,0.04593554446204592,0.04494932755118909,0.05640864283089002,0.10508732849472845,0.10992917305147851,0.14617851092200398
361625.9989440441,1.25e-05,0.002880278851415656,0.032855595922533114,0.04587888518111616,0.04514094419445236,0.05699430456616827,0.1052114241014481,0.10990934513462888,0.14612020070998533
362985.63176083565,1.25e-05,0.0028734252161141754,0.03286264031147428,0.04623572985624504,0.04509331074482629,0.0568119082491246,0.10556208154638869,0.10921193455959759,0.145912290221209
364351.430901289,1.25e-05,0.002866183916594641,0.03277670343308123,0.04607945539015766,0.04512780398948412,0.05593600397334036,0.10579113628895179,0.10964538598529983,0.14657913860238883
365712.7514116764,1.25e-05,0.002862027115207398,0.03285313820216697,0.04609668347944659,0.0449034135666299,0.05619449437778155,0.10563231718052764,0.10978095301389494,0.1460803866526825
367072.952324152,1.25e-05,0.0028564122354205026,0.03284561076937887,0.04609437786046864,0.04504919227948789,0.05610353935530419,0.1057410586788942,0.11004961894935737,0.14639039667852596
368436.8213984966,1.25e-05,0.0028497255848151126,0.03284273610544809,0.046264735370842,0.04494961816593506,0.05608592532942639,0.10564174680984242,0.11021222000909979,0.14668559552683244
369794.6727926731,1.25e-05,0.002844443774384195,0.03281798775702634,0.045870259454754765,0.04493996779067642,0.0560027969276702,0.10545768285267043,0.11020748379674601,0.1466030976637112
371162.75130081177,1.25e-05,0.0028374248262497317,0.03278477949562972,0.045997472849350685,0.04501224504314544,0.05624336922415014,0.10557093508773513,0.1098623499311864,0.1464293575359077
372522.65535497665,1.25e-05,0.002835051788085832,0.0329040496680707,0.045827164634722944,0.04513024544843736,0.056388083079795384,0.10575287730810559,0.11005975026966405,0.14662982752362064
373885.6260499954,1.25e-05,0.0028296188087920194,0.0329531910950074,0.0461229318417475,0.04505418641772897,0.0560659390862147,0.10566913176922811,0.11011810039362682,0.14697302476978255
375245.44195485115,1.25e-05,0.0028241405657343593,0.032929684895980034,0.04595564508317129,0.045092316073045105,0.05630574311537304,0.10570835132460872,0.11037651726879817,0.14684823059622495
376613.57618665695,1.25e-05,0.0028211296383474417,0.032930072867268706,0.04579847054354398,0.045010412047251376,0.05611716277862743,0.10571199215242763,0.11022609661830188,0.14704014058267953
377972.3329706192,1.25e-05,0.002819395141664753,0.03292814279033531,0.04594838414978889,0.04500106452094605,0.05601566390679489,0.10621612039495754,0.11037517284957844,0.14702023965189517
379329.12028265,1.25e-05,0.00281188818216393,0.03298371852624231,0.04613330410655639,0.045009351239875615,0.05620005046788297,0.10590419940990209,0.11021669907800963,0.14651222881315212
380706.6986749172,1.25e-05,0.0028053931162599567,0.033026361994747976,0.04588177824040811,0.04540696408558004,0.05676964794911091,0.10538845465036027,0.11040676463518843,0.14677744840063192
382073.5724184513,1.25e-05,0.0028007265639574987,0.03307608627543422,0.04591696801823978,0.04501146604994847,0.0561918885143252,0.10619867166926439,0.11068919831587573,0.1471336656761715
383437.772090435,1.25e-05,0.0027962869313399997,0.032993228161650935,0.045806893548516414,0.04507920124212903,0.056092807302255326,0.10583474542603998,0.11059328129892095,0.1469101273770808
384798.62905192375,1.25e-05,0.0027939861160355683,0.03294768020155847,0.04602408331345285,0.04509992382998459,0.056086994603248265,0.10608534112474884,0.11011831201368483,0.14632013428598348
386155.24383950233,1.25e-05,0.0027873324684564867,0.03312038866021237,0.04591305329970989,0.045778685420591506,0.05634598477620725,0.1059388335297129,0.11025528823127856,0.14701045931498852
387513.674642086,1.25e-05,0.002785120326640613,0.033144737060201004,0.04611428866744171,0.04514962127701353,0.05621035803939064,0.10663642470892402,0.11039446279514363,0.14759714250790837
388874.1706266403,6.25e-06,0.0025927553063224266,0.03300881683951038,0.0457407279503067,0.04521031169814723,0.055919838535353206,0.10613086635609498,0.11039426622919496,0.14662399868481332
390234.51277804375,6.25e-06,0.002575499942385407,0.03294987283259528,0.04582187482806272,0.04486477355685374,0.05621493427933113,0.10611659269350537,0.11046890395168663,0.14686948627649724
391595.90574908257,6.25e-06,0.0025718571844209302,0.033111937815913206,0.04578909371499312,0.044935972558544306,0.05594051585385519,0.10632531971476525,0.11088301760167882,0.14759123066589724
392949.1404271126,6.25e-06,0.0025676416877516988,0.03309316228097409,0.04586377602329937,0.045056427666724914,0.05605894072436278,0.10619018672793556,0.11064024885635915,0.147273446822355
394311.7540023327,6.25e-06,0.0025655518577938916,0.03292472659722604,0.04582961927218674,0.044750866093360875,0.05581428989821546,0.10626110395919026,0.11044394038711637,0.14682923459693797
395668.7849071026,6.25e-06,0.002561083945457975,0.03294132762640993,0.04582324060695663,0.04478886928041707,0.05570997977838897,0.10622390255710602,0.11045712095187125,0.14710512408780144
397018.9036259651,6.25e-06,0.002558867599493112,0.032947903440488084,0.04574400810100419,0.04471606243783636,0.05582755563082289,0.10663057669392945,0.11058894484287438,0.14699083118352066
398373.7810819149,6.25e-06,0.0025567688301288615,0.03303786687087787,0.045821591096677126,0.045003198265446055,0.05591521779569143,0.10626880765141772,0.11074287712764563,0.14725822624525559
399726.70272397995,6.25e-06,0.0025536521175612862,0.03299993835341594,0.04587387453371023,0.04465609041258878,0.05587090785320581,0.10617027582794092,0.11061693448400971,0.14723936686627334
401087.1829781532,6.25e-06,0.002551797179948731,0.032922282985423525,0.0457413289577526,0.044730576219656995,0.05586643850843833,0.10646304662191926,0.11071991873834544,0.1470684559682634
402449.48899936676,6.25e-06,0.0025490138454282913,0.03299584143950553,0.045813017549175085,0.044892642631684423,0.055803541009982076,0.10641985904001014,0.11072331177512343,0.14731458441769457
403809.8897418976,6.25e-06,0.002546692076451898,0.03308419938517969,0.04585426417546884,0.04483891728783173,0.055885093625112126,0.1066202704962227,0.11087372099211897,0.14789085135041874
405163.06764411926,6.25e-06,0.002544511516095704,0.033089954046290594,0.0457577241021305,0.04485447405408747,0.05596105654261887,0.10652456904588957,0.11083575448824584,0.14747210088932372
406525.93245625496,6.25e-06,0.002541270644223733,0.03307459492345653,0.04581354379991734,0.04478494022782346,0.055840361636412976,0.10636659681887292,0.11077664918657226,0.14722036322459375
407890.45643138885,6.25e-06,0.0025381155678476865,0.03304317629142844,0.04579234597726082,0.04488464265073904,0.05600926475338875,0.10624874173722322,0.11076473788081366,0.14732162384358638
409242.35284757614,6.25e-06,0.002535098154170717,0.03319611214520513,0.04588173422382441,0.04495048962854829,0.05605666023246727,0.10647007465442784,0.11099334511214508,0.14757448325509398
410598.93987989426,6.25e-06,0.0025338561175219146,0.033074853989156015,0.045897493213478975,0.044725507164893895,0.0559039669275056,0.10667202205102733,0.11085967713286535,0.147146297869168
411958.6245162487,6.25e-06,0.0025313266116067756,0.033181215927976626,0.045789289766726624,0.04495310271059082,0.055975751427630935,0.106569501500368,0.11094521271666954,0.14766173318201456
413323.00539302826,6.25e-06,0.002529722001061593,0.03306169469940498,0.045827706502985885,0.044842314680039644,0.055908344448635995,0.10659055109680371,0.11078390826104607,0.14731515366562123
414683.16878700256,6.25e-06,0.0025271579665655207,0.03301946802120324,0.04572281019978871,0.044826994030708306,0.055782572544128946,0.10663262220739256,0.1108326605378067,0.14767560089515072
416043.78395724297,6.25e-06,0.0025252959093761355,0.03311902924702703,0.04582639539327027,0.044915498172803985,0.05599561969100076,0.10648718759625643,0.11067591493987844,0.14723656768452212
417405.45583605766,6.25e-06,0.002522329935735488,0.033081729837535975,0.045817617553200116,0.04483932054360194,0.0559204929314664,0.1065179028736508,0.11100081868009617,0.14723175963668655
418771.5218260288,6.25e-06,0.002519696237426031,0.03304907902354923,0.045824969257529574,0.0448037119922738,0.05579349304833221,0.10658823856095082,0.11134556598802137,0.14732719617080112
420132.9895746708,6.25e-06,0.002517421967044273,0.033051609841666996,0.0457587839724452,0.044790002255487835,0.05585507525773633,0.10656458509503923,0.11113835469291966,0.1473453719066727
421498.7903404236,6.25e-06,0.002514841197841366,0.033133067932330826,0.04579024237264121,0.04495075293239555,0.05595872376580942,0.10669841562560285,0.11080424075633734,0.14740501847428422
422872.0427072048,6.25e-06,0.002512950320169267,0.03313332689548879,0.04590382800353151,0.04486617650149929,0.055852751507351056,0.106680465510813,0.11111315715278858,0.1479626916864194
424237.06809711456,3.125e-06,0.002420624319131263,0.033209769875761186,0.04569679540897925,0.04479447427715178,0.05584288350463232,0.1067748843229481,0.11131670559553833,0.1479035117259917
425601.09089922905,3.125e-06,0.002414362674955105,0.03312301243913133,0.045734929812202355,0.04477484174220777,0.055775586952035515,0.10669618196084646,0.11113663707520852,0.1476590480143306
426963.1059606075,3.125e-06,0.0024116617406665314,0.033126311718759835,0.04574300605793785,0.044725497718424795,0.055824311542614684,0.10674897480668914,0.11108597421533789,0.14763005331833115
428323.8617050648,3.125e-06,0.0024104498801177723,0.03319267784412732,0.045710742899784634,0.044782825029620256,0.05588330609460078,0.10678359271901115,0.11119871577409388,0.1475604470883799
429690.9457452297,3.125e-06,0.0024093960597105337,0.03305997491518031,0.045695210992651655,0.04468142922002011,0.055746687134587476,0.106773892135787,0.11103097994420216,0.14744419478294968
431055.33917331696,3.125e-06,0.002407476122043474,0.03313282198043449,0.045717155471060665,0.04482487081089909,0.05582536071319942,0.10684765650931982,0.11100082119245752,0.14762478452047353
432422.9822380543,3.125e-06,0.0024066025163553065,0.033152975186971904,0.04573320651149439,0.044921935212494706,0.05582679151927012,0.10686136708202616,0.11122642330362724,0.1476770173855428
433786.004537344,3.125e-06,0.002405317701231795,0.03314818056652513,0.04572898012601374,0.044786160907095994,0.05585867677741579,0.10690917756929354,0.11111896576232307,0.14771396020998082
435162.7375576496,3.125e-06,0.0024039724176539625,0.03311185510520208,0.04566448075542961,0.04474162789559226,0.05575793852911832,0.1068362198793866,0.11104749966285535,0.1476326622426179
436522.0334467888,3.125e-06,0.002402639784714238,0.033114350710306606,0.045703548886849896,0.04473654713075736,0.05587835509701103,0.10690978543035876,0.11100600972011919,0.1474866918415889
437883.7152841091,3.125e-06,0.002401171747330731,0.03316845360327275,0.04575378018323623,0.04475146558007721,0.05585415945276522,0.10681216924976424,0.11114342910622017,0.14753622832611998
439240.614071846,3.125e-06,0.002401172718329596,0.03314591169408175,0.04574458258694615,0.044853260414433986,0.055846513784746,0.10681716709371249,0.11098459383543946,0.1475487811064331
440610.328029871,3.125e-06,0.002398396435806165,0.0332011178505364,0.04580197362099422,0.044763378575805104,0.055867911473173396,0.1069123618594328,0.11123931163712902,0.1478400917019524
441986.00690436363,3.125e-06,0.002397474998344519,0.03313466426751596,0.04564951051341678,0.0447418731553063,0.05577422193909144,0.10683494438211183,0.11125294670861277,0.14769267739018827
443355.1629142761,3.125e-06,0.002396733247239829,0.033165955286534814,0.045720206944489736,0.04473729275223207,0.055867013815321394,0.1068654518506151,0.1112380649241939,0.147718847650441
444718.87301898,3.125e-06,0.0023951158499798744,0.03317320220950584,0.04572726841275195,0.04477903638078635,0.05583308072155981,0.10677540906045686,0.11107272406669853,0.14764075684021885
446090.53492331505,3.125e-06,0.002394334406993021,0.03321393939209354,0.04574394730422724,0.04477062669155715,0.055835422092719175,0.10704595689999823,0.11111932635387547,0.14789477641105492
447454.2997879982,3.125e-06,0.002393100004362045,0.03320967566089314,0.04570052359712124,0.04486563583715236,0.05593375892331837,0.10698723291560454,0.11132383724665493,0.1477635362102952
448816.48327183723,3.125e-06,0.002391869561576828,0.03312768366487869,0.04565129831102858,0.04477070380036507,0.05582324008878175,0.10695038422698949,0.11119697346904754,0.14789547957135193
450176.8084976673,3.125e-06,0.0023912761473521863,0.03319555024435762,0.04570887725024629,0.04475679662748948,0.05578517961346528,0.1069375085004267,0.11125579435236022,0.1480079635955179
451542.5058684349,3.125e-06,0.0023899666584699395,0.03324487731965163,0.04575279220222323,0.044765475736258,0.05589304000896348,0.10708870214583917,0.11119593347681506,0.1479097089842877
452901.6042163372,3.125e-06,0.0023888570295899497,0.033222970266635926,0.045736791423810305,0.04475819248169815,0.055840440662795934,0.10712976750953619,0.11133500554536341,0.148021714265712
454262.25947856903,3.125e-06,0.002387295771533057,0.03324261517626043,0.04576810122973884,0.04487753190858042,0.05583692906169885,0.10704384214364979,0.1113636888690254,0.14787948795506675
455625.74508810043,3.125e-06,0.002385993146032995,0.033246304666083054,0.04571070088645435,0.04485365860793865,0.055904720021164624,0.1071779189157141,0.1112945354257632,0.1479722871616716
456997.592448473,3.125e-06,0.002384257300130123,0.03321535127956956,0.045698774049865686,0.04473692916198407,0.055863903988298935,0.10705226891453612,0.11124215422105091,0.14781527905959224
458358.3489603996,3.125e-06,0.0023837908442121804,0.033267193479157686,0.045837187100063265,0.04475739878656059,0.05593228254912457,0.10709002787028221,0.11139593073440364,0.14809293235850698
459720.3334219456,1.5625e-06,0.0023364612852546022,0.03317571490021358,0.045687249144469574,0.04473976921828411,0.0557409974235558,0.10686565861644999,0.1112746655409452,0.14774552856694362
461077.4927992821,1.5625e-06,0.0023337221720917236,0.033196749906416426,0.04569554555168254,0.044708773024131516,0.055800878293408435,0.1069924290204678,0.11132627048617598,0.14778248820063364
462433.79983091354,1.5625e-06,0.0023326340787465693,0.033242151976346036,0.04569274679456277,0.044754857828514655,0.05582142580108959,0.10696727162797143,0.11133039228326039,0.14797218093040834
463792.80425953865,1.5625e-06,0.0023322879531486145,0.03319651684261767,0.04566949153638577,0.0447449847793649,0.0557671894080211,0.10702461765487647,0.11135065017997386,0.14798275786137793
465148.89359021187,1.5625e-06,0.0023313274552913305,0.033252955339210466,0.045708997547577394,0.04474123280357068,0.05576155756351728,0.10706584846333544,0.11135341375740253,0.14797931050042723
466508.9008524418,1.5625e-06,0.002330669688251513,0.03320793699669894,0.04567837191946271,0.044726633584465186,0.055773113778585764,0.10709192206035975,0.11143535254740984,0.1479315856641217
467869.8304541111,1.5625e-06,0.0023306083617593,0.03325743979458783,0.04570923217961476,0.04474379456280099,0.05589380148879119,0.10705882709033959,0.11134141132463696,0.14794526941824818
469232.5124065876,1.5625e-06,0.0023293097696348475,0.03322114926483067,0.045673856303469464,0.044725364997485605,0.05583353033803936,0.10718471956196887,0.11144519229338824,0.14796249860066787
470592.8904004097,1.5625e-06,0.002329155862916178,0.033268551496786786,0.04569757676422311,0.04477079101308236,0.05585351042615676,0.10710758675875817,0.11128441195345158,0.1479421264892994
471943.1469426155,1.5625e-06,0.0023286051080587946,0.03325091973490911,0.0457032029917615,0.044717587339616484,0.055826146436321306,0.1072456731191292,0.11141087088483803,0.1481173358219512
473301.8063287735,1.5625e-06,0.00232779246918468,0.03320945210938125,0.04570785936969419,0.04472324279010494,0.05578616352905225,0.10711514530570222,0.1112778139258803,0.14793359330662087
474652.60696673393,1.5625e-06,0.0023270312393276846,0.03328729519990938,0.04571515860449616,0.04479742399807357,0.055812786731489324,0.1072045240702301,0.11149833558104405,0.14815744390075264
476013.37369918823,1.5625e-06,0.00232627633931395,0.0331943930634178,0.045679755680501914,0.044708655670797334,0.05582313263191219,0.10714081355503627,0.11127984919432496,0.14795779907079573
477365.83147740364,1.5625e-06,0.002325842824890748,0.03321404072579096,0.045676728693899785,0.044708168578994754,0.055797942792639874,0.10714267292308342,0.11134527002082176,0.14798020690694594
478720.31678438187,1.5625e-06,0.002325539726303017,0.03324068624522628,0.04570878115692988,0.04476879643675696,0.05581708198960772,0.10718671155862489,0.11141036256543518,0.14794639535730944
480074.65521359444,1.5625e-06,0.0023245791014512717,0.03326621033445181,0.045722512594891275,0.04475797194191021,0.05589176040924559,0.107171536053589,0.11139006716383039,0.14788055736850492
481431.1468946934,1.5625e-06,0.0023239601683288052,0.033253979165555544,0.04572895982637921,0.04479445222270654,0.055831651164576536,0.10713682338362207,0.11143527899690295,0.14813293109693532
482782.3734161854,1.5625e-06,0.0023235045654156693,0.03324548915624795,0.045699951240127025,0.04478997856996225,0.05587087132721867,0.10719070100792326,0.11135224461675834,0.14790908409332398
484123.3667228222,1.5625e-06,0.002322668269679888,0.033211727762984686,0.04574679281963831,0.04470739091651287,0.055819963960302865,0.10718217923868671,0.11134443560594183,0.14783534437202353
485471.0285305977,1.5625e-06,0.0023227325961128293,0.0331939388857817,0.04567273441871397,0.04469406768734119,0.055772132035153965,0.10703485051770814,0.1113690437440938,0.1479905834908881
486823.3595688343,1.5625e-06,0.0023217093329909663,0.033239724896505576,0.045696349233382026,0.04472345872682898,0.05582844812342345,0.10718267629508837,0.1113304815046839,0.1479742098953835
488172.10594916344,1.5625e-06,0.002320782070035895,0.03323320766366861,0.045693918752797553,0.04475922456251824,0.05579545649198839,0.1071638167957535,0.11153643904120637,0.14803287231940201
489522.9550974369,1.5625e-06,0.002320786242783786,0.03326382331251361,0.045703732549835854,0.04470621865017967,0.055840333190214586,0.10715313662227789,0.11146984895371276,0.14813179464707688
490877.7328324318,1.5625e-06,0.002320203886103668,0.033274526724673875,0.04571451509665444,0.04479053944507389,0.0558334370964131,0.10721714111885278,0.11144620233285754,0.1481488302021582
492240.2490913868,1.5625e-06,0.0023196241577157304,0.03323446094177076,0.04568485246780437,0.04471081062768876,0.05577775794060062,0.10720265314832954,0.11140740984881865,0.14794413479373808
493600.7377536297,1.5625e-06,0.002319312313234624,0.033279515177825486,0.045692602120387255,0.044743588591280664,0.0558095746756959,0.10722891449547167,0.11149463420080333,0.14820570829800037
494968.7849550247,7.8125e-07,0.0022946718100207244,0.0332681542906418,0.04569453721604373,0.044713303011994984,0.05580712912750345,0.10729995207936599,0.11148495909222124,0.1481908786062157
496403.63938474655,7.8125e-07,0.002293007580650335,0.03328422930416337,0.045710355894793955,0.04473306404361576,0.05581472229064365,0.10722591474604651,0.1115110366257798,0.1481568205141969
497831.9458785057,7.8125e-07,0.00229261281572982,0.033271897979363085,0.04569287901714357,0.04474741015238968,0.055812247302482,0.10716207208365437,0.11150019101255694,0.14807461512804873
499189.2743368149,7.8125e-07,0.0022924312767960884,0.03327349699394354,0.045705538683108254,0.04473568697621502,0.05581399813024855,0.10725714184309966,0.11148768046097625,0.1481268912799507
500555.3720369339,7.8125e-07,0.0022918833397529074,0.033272132568046814,0.045710353860116966,0.04475053940139582,0.05581730891893934,0.10723640749034467,0.11148270179822993,0.1481264392956126
501915.7869422436,7.8125e-07,0.002291511326264169,0.033281003163817026,0.0456722470782232,0.0447214759078335,0.05582034006916619,0.10722385567285267,0.11150516721308883,0.14821823484143803
503289.7715008259,7.8125e-07,0.0022915193063077787,0.03328338084871431,0.045677295661749544,0.044733538147167747,0.05581780355362929,0.10718682452963595,0.11152672889997677,0.14816612910887378
504764.6807062626,7.8125e-07,0.0022910935533989865,0.033300863406498925,0.045695065792131125,0.04473241944994195,0.05583023920872761,0.10721403513816437,0.1114870853823643,0.14808799531270053
506143.7413816452,7.8125e-07,0.002290682286087586,0.033280557660887444,0.04571667747908579,0.04473844647914237,0.055796261096755624,0.10726950238012975,0.11156527333722539,0.14817593969441054
507510.7487652302,7.8125e-07,0.0022906074721059395,0.03326498592716778,0.04569354716893016,0.04470394798969216,0.05578848810430657,0.107214923501115,0.11149300826171543,0.1481386179798042
508875.2118194103,7.8125e-07,0.0022900698873614548,0.03326837523445049,0.04570124328358373,0.044745707089942056,0.055801829732722505,0.1072448470186108,0.11149773159132208,0.14810571737929704
510244.4511194229,7.8125e-07,0.0022901081240261642,0.03326604392262977,0.04569179619975748,0.04470275169634741,0.05579922216453679,0.10722191021255065,0.11152726243325763,0.1481139905200389
511611.6901614666,7.8125e-07,0.002289606395758716,0.033274598788120134,0.04568330879215197,0.04474408551105428,0.05581557028745088,0.10724841427084936,0.111509770907157,0.1480749127801853
512986.1465036869,7.8125e-07,0.0022894038439254015,0.03327227216500762,0.04568680536492055,0.04469789190276097,0.05580580628107963,0.10731652704489546,0.1115488350471623,0.1481714759353594
514353.0395770073,7.8125e-07,0.0022888870189504504,0.03328404897463652,0.04571743367189567,0.04473008821460654,0.055852432526561385,0.10731742503605726,0.1114942500652658,0.14813808608131337
515722.2719755173,7.8125e-07,0.0022886290266574587,0.033271180349272345,0.045699100564459354,0.0447100682337597,0.05576779479120091,0.10723860256202129,0.11153304806045264,0.1480809953825333
517086.53056406975,7.8125e-07,0.0022887033088304985,0.03329844520569529,0.04567305439720241,0.044744862191549196,0.05582742777219215,0.10730550811885683,0.11155413575852818,0.14818435438991537
518453.1128268242,7.8125e-07,0.0022879985203000603,0.0332848393178411,0.04568387179277439,0.04471337601192395,0.05579079046701575,0.10725097280749764,0.1115221826141177,0.1481382151394606
519820.0137684345,7.8125e-07,0.0022878663651151707,0.033294217820954694,0.04570218031125711,0.044730896680055525,0.05585376599022826,0.10732097150740671,0.11147360219089708,0.14813649694505973
521187.0844578743,7.8125e-07,0.0022879772468635366,0.03328961792776783,0.04570134210289595,0.04473063798467309,0.05579504230559852,0.10729073394975658,0.11154836402704835,0.14813761684643026
522559.5731935501,7.8125e-07,0.0022877030454315447,0.033289103010002784,0.04571850090318466,0.04476080583722404,0.0558088815146653,0.10733106235412361,0.1115180004802433,0.1481287055959931
523920.3133356571,7.8125e-07,0.002286942653374327,0.03330584357496779,0.045690139249944736,0.04475099449834461,0.05585877908474571,0.10724561655338857,0.11154300683519164,0.14819648898492332
525281.5985996723,7.8125e-07,0.002286832286826034,0.033306629980479265,0.045728788465725936,0.04474714776743672,0.05583834871632557,0.10731872821443915,0.11150452045806225,0.14814318070884266
526645.8210959435,7.8125e-07,0.0022866124832226953,0.03330740794263533,0.04570169947544799,0.044750372158950384,0.05582973370933388,0.1072809942920421,0.11157055024885677,0.14818927183830033
528014.4920458794,7.8125e-07,0.0022860861553447814,0.03329767980040472,0.045708965605505414,0.04473071426100156,0.05584530639249358,0.10728216339758344,0.11156297402511878,0.1481690333584794
529382.360273838,7.8125e-07,0.0022859806682745706,0.03330124662507693,0.04570783650118176,0.04475901948632453,0.05582938589347898,0.1073151806197984,0.11153535795356215,0.14815199690075329
