Time,Learning rate,Train loss,Validation loss,MAE_HOMO-B3LYP,MAE_LUMO-B3LYP,MAE_Gap-B3LYP
197.1732747554779,0.0001,1.0372118855704697,0.6040314216089014,0.32746516016393457,0.3244851209825832,0.38513741423072845
394.6753969192505,0.0001,0.44781479658429973,0.3295736834152947,0.21297096278679142,0.2345760400807924,0.3036536451448636
592.2980659008026,0.0001,0.3157842621651577,0.34373164559409425,0.21519118096106923,0.24152317579007984,0.3007880647564339
789.7589335441589,0.0001,0.24552969779975253,0.2074879021648952,0.19292831833092475,0.1641496722413441,0.24190653033332232
987.0341904163361,0.0001,0.19995814049639218,0.1619102208555493,0.16064607943494505,0.1517970117287251,0.21276206110552476
1184.6421902179718,0.0001,0.16372800297963516,0.14120269936919164,0.15947606390961863,0.1354074262986109,0.19248226891629328
1381.7718856334686,0.0001,0.13978954201240346,0.11742009067067719,0.13934522243462025,0.12661383462342604,0.17738299438775246
1579.4134397506714,0.0001,0.1218939279478498,0.10952882042015176,0.13225815712528705,0.12264499123004713,0.17561225872881622
1777.1507306098938,0.0001,0.1066818930292452,0.09818737413082404,0.12437089382685605,0.11708442116604116,0.16421776170217725
1974.5835638046265,0.0001,0.09619429488544193,0.10199772971753081,0.13107489283151652,0.1129137639907835,0.1666988971950546
2172.819795846939,0.0001,0.08545073908667951,0.08485836469243267,0.12688047685148354,0.10017664617963408,0.1502449131796717
2370.87589263916,0.0001,0.08118413055990319,0.08345505795606839,0.11506503986386862,0.10598720377415614,0.1525525675381957
2568.8563580513,0.0001,0.0730400294082472,0.10212145714170864,0.12006434172765938,0.11118397284858036,0.18344502280194627
2766.5835461616516,0.0001,0.06772076713638457,0.06785933678088348,0.10325732336963028,0.09816142518604974,0.1368256631054869
2964.133442401886,0.0001,0.06382184592511943,0.07241530528776803,0.10559506147205656,0.09101379714338334,0.13893238575259761
3162.332359790802,0.0001,0.05945392797282368,0.0644829880144915,0.0958707733707588,0.10251998579836022,0.13066072605086446
3359.995356798172,0.0001,0.057037039545038554,0.05816688034790292,0.10012373180324405,0.08555393760593323,0.12381834803887133
3557.3873946666718,0.0001,0.05406940237072512,0.05779994120671955,0.09412146744194218,0.08774671118293713,0.12692470426086216
3755.156311273575,0.0001,0.05075019898179282,0.056148993895640646,0.09876527834608415,0.08515686291172343,0.11958463474774973
3952.578779220581,0.0001,0.04670286082102817,0.04814658109440826,0.08776831975671659,0.07755765067937516,0.11219126275923175
4149.406573295593,0.0001,0.044948280722337475,0.04821108266501918,0.08904075674082848,0.07855123029059577,0.11029609192359993
4347.151685476303,0.0001,0.04386178309685786,0.055100272915803446,0.09965049236574411,0.07657490244491193,0.12007788142978813
4544.745222330093,0.0001,0.04331965580083647,0.04322824384216735,0.08421245436549098,0.07443195970097481,0.10415306536002544
4742.435639381409,0.0001,0.04078694822309797,0.04510031692425456,0.08469996822117154,0.07683903552599851,0.10852022260593443
4939.521985530853,0.0001,0.038095181245318556,0.05989371001715474,0.08165766124504976,0.10525673978614665,0.13520378569456398
5136.917324781418,0.0001,0.037035635507248095,0.04213663285910741,0.0845911151284183,0.07142331017370623,0.10474852829559735
5334.812385320663,0.0001,0.03671265535037773,0.04032891512650344,0.07909076020224375,0.07362535296656844,0.10451259590049365
5532.626417636871,0.0001,0.03538121424535863,0.03668144076267449,0.07725090976962722,0.06887901672529427,0.09660397510498443
5730.237714767456,0.0001,0.033829467394021207,0.04052636247676622,0.0833085303234842,0.07152733614484169,0.10058402285870348
5927.681325674057,0.0001,0.0315786856641674,0.03911399884782184,0.0764295887584431,0.07589243832356654,0.10064003913640956
6125.083594560623,0.0001,0.031185481162383333,0.03650035163369542,0.08046354465517912,0.06561586583813035,0.09602628468813201
6323.018319368362,0.0001,0.030800058688535612,0.036943271884982816,0.07533126509146999,0.07535715677248511,0.0970958906579083
6520.7142598629,0.0001,0.02972019395533162,0.03531852271895527,0.07795880940893664,0.06956497851120406,0.09237645321599405
6718.28718662262,0.0001,0.028239486790029217,0.04675846196189009,0.09537597719585199,0.06583127655121723,0.11755562647056246
6915.629293680191,0.0001,0.026792490647713302,0.03757810440060306,0.07981726630014846,0.07721583592397259,0.09320255047602602
7113.222575902939,0.0001,0.026653306517450764,0.03842564292549938,0.07911873763462282,0.06773204117451075,0.09848440239409854
7310.68265247345,0.0001,0.026722334130611456,0.034615432175825224,0.07358814877134419,0.06449465606587355,0.09602693964067456
7508.6334109306335,0.0001,0.024879429078193044,0.03218651874242167,0.07033488134346583,0.06541725874749733,0.09049194152986763
7705.783209323883,0.0001,0.024898529614305043,0.030348928756878744,0.06974785748626731,0.06594957663584664,0.08637430354570096
7903.225875616074,0.0001,0.024823121885476637,0.03470565748129509,0.08007682599427644,0.0627089884302759,0.09526641407905498
8100.7541308403015,0.0001,0.023683721947633806,0.029673556548487308,0.07061720023219815,0.05842595419308242,0.0885855653579074
8298.538050889969,0.0001,0.022417963769029495,0.029106327626792564,0.06778876960411322,0.06082632236276201,0.08584683677242756
8496.126742362976,0.0001,0.022893825386867416,0.030942536091323445,0.06832204837274318,0.06255986020507762,0.09102608041665806
8693.86847615242,0.0001,0.022312613387290296,0.030356605523379303,0.07082647120365032,0.05838413613215714,0.09129227720762705
8898.729801177979,0.0001,0.022199258260326926,0.027783537255826905,0.06929912563967948,0.05794593682908207,0.08321416734727617
9095.70133113861,0.0001,0.02207636167068403,0.02984853890763882,0.06812570400442548,0.05821671604357122,0.08680678490004667
9294.01347064972,0.0001,0.020695127604454293,0.029983679103431197,0.06886011233760594,0.05914336619566587,0.09028372789556849
9491.779851675034,0.0001,0.021473283420778363,0.028917529027035545,0.06945950645489266,0.05933748849876384,0.08422051903097898
9689.377329349518,0.0001,0.019984742957981496,0.027352347001451952,0.06549082740902276,0.05814283153588869,0.08206184304134079
9887.203294992447,0.0001,0.01997823921390848,0.025763038310829458,0.06407450184977845,0.057808779085299765,0.07986618438847849
10085.005199432373,0.0001,0.019162294122149006,0.03263203084887476,0.07428179440400456,0.06979432240327926,0.08927847655195417
10282.441489934921,0.0001,0.01830568978117094,0.026089241233844828,0.06610039326627597,0.05741542736527411,0.0807699680169833
10480.421483039856,0.0001,0.018760670207748006,0.025630415256937367,0.06452374622397922,0.05499585552877861,0.08036074323474236
10677.633593082428,0.0001,0.019260326945959687,0.02961752935593765,0.07083115232088909,0.058852796955959186,0.0864998507545274
10875.812933444977,0.0001,0.016860868865763684,0.02552910797857166,0.06459856431647316,0.05552943851840574,0.07843192364249817
11074.092258691788,0.0001,0.017273037905865665,0.02564093614866109,0.06191203164376579,0.06212011222658624,0.07867617480684105
11272.015313625336,0.0001,0.017484329422944644,0.02511245277459837,0.06187170830641727,0.05467166231364425,0.0803668131189011
11469.667062997818,0.0001,0.016862515078610786,0.025111529973342765,0.06394846809345353,0.05644939547910446,0.07739776110829444
11667.346244573593,0.0001,0.016664139338912733,0.024506921184725836,0.06316254174815342,0.055034017748155355,0.07781339986753745
11864.837216854095,0.0001,0.016953847369941547,0.02512562797297148,0.06293195439994152,0.054838788292867945,0.08050804704554053
12062.69431090355,0.0001,0.01589513074012383,0.026440746723049923,0.0649169288205938,0.055006316993591466,0.0832758390955988
12260.00512766838,0.0001,0.015297897716388361,0.023410438706022517,0.06085856340738239,0.051709934171125405,0.07590637167595378
12457.947129964828,0.0001,0.015027355135694517,0.022287806023976498,0.05986488001194592,0.05234562578061386,0.07399447908941305
12655.500646352768,0.0001,0.015004347864670762,0.022302972867016026,0.05996577377658603,0.05130263690381323,0.07344565783124861
12852.814444303513,0.0001,0.014828763874188486,0.025371855559412276,0.06702977175645604,0.05188894860416108,0.07963545676548377
13050.38363790512,0.0001,0.014942823150370458,0.021841377465145893,0.05986059596835601,0.05132818714746582,0.07281475365979348
13247.955913066864,0.0001,0.014206753901882937,0.02373202364201578,0.06162053146977425,0.05413182193616037,0.07899723220630513
13445.223528862,0.0001,0.014631879279055812,0.024823559173006993,0.06512778596622015,0.053014730708120114,0.07603469345597552
13642.391302108765,0.0001,0.014054354764408823,0.023018938917569138,0.057584376081882514,0.054254772451371586,0.07807277009112809
13839.817758083344,0.0001,0.014136188368226362,0.024830310916887754,0.06463425158067154,0.051134870520217514,0.08042930746185503
14037.959537506104,0.0001,0.014289163970131247,0.02350507367486847,0.06328764945508912,0.05104356277624119,0.07849615566075151
14236.112695932388,0.0001,0.013589160194415924,0.02263487677291369,0.0601214848891645,0.05055819898187326,0.07507372710009425
14434.34270119667,0.0001,0.013905633264232633,0.02058254186364047,0.05949295493553884,0.04916962986921453,0.07142648706015244
14632.237336874008,0.0001,0.01366719640934825,0.02130792579238883,0.05807886257620288,0.04913573175502749,0.07191236275170432
14829.329470157623,0.0001,0.012839170495518304,0.020369108964177936,0.05622985063571405,0.0500201615160832,0.07089158961743391
15026.685609579086,0.0001,0.012863910358837119,0.022499289910758228,0.06229152902186675,0.05292875709185704,0.07276582469191895
15223.817135095596,0.0001,0.01272564504153848,0.026870863925374244,0.06519624299315797,0.052387341900306215,0.08719312050784281
15421.261555433273,0.0001,0.01293880904703593,0.02197935894056108,0.058876088031974576,0.05104984808875759,0.07194656646417151
15619.024372816086,0.0001,0.01274880938458364,0.021029252795821938,0.05884392013197855,0.048943060533471874,0.07198384535222485
15817.245720863342,0.0001,0.01235850034673899,0.02147383542175444,0.05678556625528552,0.05179982286034236,0.07214742310870943
16015.239706754684,0.0001,0.012155874566968268,0.021171944222241387,0.055084867733452905,0.048926852692413106,0.07083128446078481
16213.242351055145,0.0001,0.012726096095994094,0.01992147977162543,0.0554033166580828,0.04810089441658047,0.06947100498404608
16410.838344573975,0.0001,0.011428748573792235,0.02365523738678668,0.06983103893629761,0.05145813030907662,0.07412381078445666
16608.75697016716,0.0001,0.011812294119353188,0.02082210690570823,0.05800192216003281,0.04897112479412826,0.07228367903931918
16806.147129297256,0.0001,0.011552670406446551,0.02004572083843328,0.054613184685144686,0.04784102324347139,0.06945104522108982
17003.93174123764,0.0001,0.011204503394975343,0.01966612515428419,0.05569690015585323,0.04798476852667955,0.06864927863551537
17201.43749833107,0.0001,0.01142221901989036,0.023644668412777306,0.060949237514499335,0.05147820842175915,0.0770247954797511
17399.091535806656,0.0001,0.011911125230398506,0.02028561301554798,0.05608811452594662,0.04878396957099571,0.06767669067687201
17596.615079164505,0.0001,0.010702544459000204,0.020653056924122743,0.05944172361626132,0.05034187231988505,0.06967374715867676
17794.313877105713,0.0001,0.010868985335487816,0.02031084459159511,0.05587164934174337,0.04674639960628784,0.06950318411038449
17991.83034658432,0.0001,0.010786673554739978,0.019905544479939023,0.05613103078176787,0.05132245872544089,0.06836896225675047
18189.6453332901,0.0001,0.010747984796861107,0.019785465196539224,0.05561835648323689,0.04804022979403402,0.06856348677849138
18387.164486646652,0.0001,0.010877808919035326,0.020238677431902736,0.05723795983155423,0.04743952663370265,0.06974589616597794
18585.109852790833,0.0001,0.0102409432678659,0.02067857621265968,0.05604272145957842,0.04921551088265831,0.07077462545763812
18782.215046405792,0.0001,0.010279755265997831,0.01928565005576974,0.05367177282423264,0.048215798242818825,0.06815552830388942
18979.804894208908,0.0001,0.01027725552651392,0.019506685798361498,0.054939591649781336,0.04767665323964597,0.06894558294090326
19177.15209555626,0.0001,0.010261544390533442,0.021157622563379205,0.058994452700275264,0.049677698169401804,0.0708908940201814
19375.260489463806,0.0001,0.010428168583081309,0.02066883096316144,0.05926465391666849,0.04785050107806354,0.07185236688920976
19572.884726285934,0.0001,0.00969280081504283,0.020826500063363715,0.05672473103295993,0.049537650806709035,0.07211120389621757
19770.450820684433,0.0001,0.010460396567248785,0.019441376762485852,0.05477060442126983,0.047756912880492386,0.06894473446524259
19967.81827521324,0.0001,0.009669923034505862,0.021832293319826997,0.06246564973075435,0.05462651005628331,0.06821291829748806
20165.484717845917,0.0001,0.00983962806326249,0.02443042487480745,0.060897587243581824,0.05292940114503806,0.0757535402737753
20363.09655690193,0.0001,0.010380288439310987,0.020422246736606628,0.0583566048032139,0.04804487515641273,0.06997336557347245
20560.74114704132,0.0001,0.009278192674162657,0.021023898909919507,0.05734349068001256,0.04800126841365325,0.06878663227054982
20758.224645376205,0.0001,0.009556758127124282,0.019679096822562872,0.05682988198912656,0.0464296737109403,0.06917436736627426
20955.719514369965,0.0001,0.00934461849126725,0.020217927180985522,0.06020388414156069,0.05181182345372167,0.06710331660535367
21153.11518740654,0.0001,0.009262606200306979,0.01899775317663782,0.05370399236738528,0.046479561406471574,0.06775780965062946
21350.665586709976,0.0001,0.009283020329730413,0.02337777236181298,0.05948874885210936,0.049105007128667555,0.07382529309618137
21548.274198055267,0.0001,0.008697876631372867,0.01937998700170146,0.05728562151084724,0.04690972981473948,0.06687718474768847
21745.714511871338,0.0001,0.00934660320052765,0.018793535923910264,0.05478374134244769,0.04563169580783722,0.06767183538783608
21943.544590234756,0.0001,0.008534176982503706,0.019127713868261502,0.055703908346228626,0.04633690123644843,0.07004095731000731
22141.179734945297,0.0001,0.008440214664031397,0.02117275339362776,0.05769399520158074,0.04767598930132299,0.07126615784846184
22338.73926091194,0.0001,0.008544161963468232,0.018906478437909897,0.0564074771935957,0.045240172170837686,0.06739971133580817
22535.980167150497,0.0001,0.008516224570489214,0.018374270793196368,0.053457013152303785,0.04801154812913555,0.06552429395803598
22733.112521886826,0.0001,0.008402806145080006,0.021721004104586515,0.05854992459870843,0.04982676239553091,0.07334586677483099
22930.299353837967,0.0001,0.00823270941402958,0.018880473148081132,0.053427432780550774,0.04628149228602928,0.06814576704378646
23127.462091207504,0.0001,0.008646326410035253,0.018821408509695364,0.052688844978199985,0.04583056185491443,0.06657476236314688
23324.604598760605,0.0001,0.008285169027207296,0.01885654011422505,0.05319000774761178,0.04781958835597209,0.06692837602667515
23522.006275177002,0.0001,0.008382520448332702,0.018514536511282723,0.05488931864200313,0.04440046371010392,0.06636447618552826
23719.605457782745,0.0001,0.00864118101932406,0.018661711030881923,0.053348630793066294,0.04536290283849556,0.06609394082443622
23917.61287522316,0.0001,0.008201904437603805,0.018920923930858893,0.055701804036224545,0.04603137318535682,0.0682969243733943
24115.00348520279,0.0001,0.008184680834331234,0.024443309889446322,0.06687749392294089,0.05349701879308087,0.07674994508124837
24312.58915400505,0.0001,0.007683881037577644,0.018491148984587785,0.05399085696365221,0.0480438247056745,0.06580054786732226
24510.10655426979,0.0001,0.008106772590435268,0.018902029922335296,0.05346159330182079,0.04650690488491894,0.06812696441650073
24707.653282642365,0.0001,0.008009619277115703,0.018752483174659378,0.053504265392126854,0.046047552645964454,0.0674532423807334
24904.64742898941,0.0001,0.007997605270155701,0.017942737464387164,0.05232650993292631,0.044628849003333006,0.06653031155649103
25101.93998646736,0.0001,0.00760326737535552,0.02078734903378277,0.061292802769291006,0.045629461451110256,0.07396802772618363
25299.40806865692,0.0001,0.007982311623762211,0.018384193865468246,0.052261740298711515,0.04557087484509677,0.06474399756893792
25497.013152837753,0.0001,0.007597790514427791,0.01885895749197796,0.05240798921975875,0.04527027937313851,0.06540056253329704
25694.566122055054,0.0001,0.008237350532795378,0.017186209476147195,0.05046063889966484,0.0443489656623943,0.0639923080602555
25891.51736807823,0.0001,0.007462439465984345,0.019298493955663666,0.054201073484442176,0.0451561968534251,0.06717612630222496
26088.514778614044,0.0001,0.00784980635224276,0.01858369680589873,0.05373001302748128,0.04595786035828792,0.06672753287752849
26285.89308977127,0.0001,0.00782184339455771,0.019758521951936288,0.05453628376429737,0.04708979035610868,0.06833662208739129
26483.841557264328,0.0001,0.007861667282634117,0.01822069731077523,0.051920146659151616,0.04523248055581489,0.06441660662975981
26681.010712862015,0.0001,0.007333478833375268,0.019402247953049293,0.052747135635583975,0.04784985266513791,0.06789347276496586
26878.523733377457,0.0001,0.007257468230777728,0.017481236261797213,0.05111487396696184,0.04391329092888669,0.06399950107407683
27075.88976740837,0.0001,0.007585880706446111,0.017702186934407806,0.052966560214428464,0.04544396764985761,0.06373624050174308
27274.114359855652,0.0001,0.007011306521974302,0.017499177129051302,0.05145886782428271,0.046148311890189204,0.06370348566122042
27471.578107118607,0.0001,0.007282115247746159,0.018576266492540704,0.052831429890608926,0.04416678104354263,0.0659183983929228
27668.913991451263,0.0001,0.007115935325620737,0.01740527538672943,0.051645232856090344,0.04399398116882717,0.06413062319732962
27866.616528749466,0.0001,0.007170506736220534,0.018743123946176207,0.055259190932660615,0.04449832900168345,0.0655062667707802
28064.352575302124,0.0001,0.007109802470785147,0.018008800821850874,0.05241383613270622,0.044235367198188984,0.06569952068458858
28261.522022247314,0.0001,0.006803510915997903,0.01888186698630062,0.052594994400794265,0.04487278173911325,0.06921887492887814
28458.755608797073,0.0001,0.007148386157832249,0.018982754459346225,0.055264901583772,0.045885140613351874,0.06751100500368555
28656.10973095894,0.0001,0.007275334817972122,0.017482606621491485,0.05229833742179297,0.04403117986978235,0.06347367432773207
28853.924780130386,0.0001,0.006630210420456714,0.018306544962931368,0.05272868577108826,0.04449313149994403,0.06544336082830104
29051.005727767944,0.0001,0.006716842355454122,0.018201012359737766,0.052988750838884616,0.04474846338623332,0.06544077308207079
29248.276606559753,0.0001,0.006794622649218027,0.01895662877956696,0.055575013150797055,0.04351529341917781,0.06702508530843863
29445.821412801743,0.0001,0.006654846439790907,0.017678894937675042,0.04991921422566948,0.04529076430448996,0.06419342649754875
29643.617197752,0.0001,0.006787307466886706,0.016964243571205476,0.05104794411892685,0.04469715801322562,0.063536793798612
29840.84664082527,0.0001,0.006555079331954479,0.017879882851707975,0.051184534877922634,0.04425254669255642,0.06444679408604125
30038.064382314682,0.0001,0.006731299778943706,0.018326163978405145,0.05096595379075805,0.04487367936841727,0.06587255420198108
30235.54338335991,0.0001,0.006744423528854122,0.016855047135249643,0.049591239278883856,0.043980197799085886,0.0634239911933996
30432.76459622383,0.0001,0.006456556427239411,0.018814545281757175,0.0518450883843637,0.044556835691844245,0.06657124451494664
30630.260503053665,0.0001,0.006364162090043702,0.018405460966276453,0.05248908292681447,0.04595491523685603,0.06649134396099705
30827.831906557083,0.0001,0.0064342004619645015,0.018045305221091282,0.05323392731938692,0.04441473003922432,0.06244538665838387
31025.25300526619,0.0001,0.006267125161486231,0.017005006685405884,0.050397918087795444,0.04379818862527497,0.06237000634709693
31222.758811950684,0.0001,0.006934899260696368,0.017368375106577107,0.04951951662488,0.04426531347141689,0.06262575376163584
31420.631983041763,0.0001,0.006613544369768519,0.016852311153058033,0.05008639154584021,0.04303775177950396,0.06219102455269477
31618.24726986885,0.0001,0.006119439050361589,0.017941367959611564,0.0510205643084487,0.04357801863414155,0.06562208645798184
31815.717689990997,0.0001,0.006409473535865035,0.01695873690009682,0.0507755902191814,0.04427028884416843,0.06307564189176232
32013.149124622345,0.0001,0.006305911533432244,0.020845993269551038,0.059091684338894085,0.04493941091835207,0.07150440849812784
32210.618945598602,0.0001,0.0064905259381842825,0.018113677051249968,0.053162121711333346,0.044675651611051956,0.0661917771199984
32408.342080116272,0.0001,0.006881870650987558,0.017977960064342102,0.05634527511206681,0.043134640927981006,0.06213764986406488
32606.086662769318,0.0001,0.006594596165353006,0.018442086415621877,0.05101765477343218,0.04525788030653322,0.06538302358789502
32803.68170213699,0.0001,0.005962818798199945,0.017724122161587696,0.05071906589250911,0.04441844987736489,0.06606755728496101
33001.50512290001,0.0001,0.0060162526975418166,0.018351764406805453,0.05361170642305199,0.0464250192822745,0.06434996196847338
33198.973648786545,0.0001,0.0063814696293323925,0.016855869933624694,0.051712089381147804,0.0426086042388777,0.06213319886207343
33396.585357666016,0.0001,0.006147979110836283,0.01789853821066032,0.050307473303244976,0.04619759465629309,0.06464269347306192
33593.65053939819,0.0001,0.006108526673017858,0.01846285952887881,0.05186388540343249,0.04473627786784584,0.06499775426463686
33790.7774708271,0.0001,0.006078868085480996,0.01711792324375268,0.05020156603047363,0.04337837186579831,0.06393999056015097
33988.023171424866,0.0001,0.00612809016230503,0.019537411788689823,0.05037391850621551,0.047082258000574785,0.06695602096907666
34185.809953689575,0.0001,0.0062856169376185106,0.018246034735414456,0.0535160874539644,0.04726096941402018,0.06325549308859929
34383.24268698692,0.0001,0.006096448668702758,0.01756617807761589,0.05328774705867341,0.04370353619670464,0.0633682641054803
34580.657237291336,0.0001,0.00609008295336565,0.01686206121406703,0.04885648087802824,0.04340061212446057,0.061361046436272715
34778.10225582123,0.0001,0.0058447667636573365,0.01782594704722617,0.05259134898052163,0.04380326992248064,0.06600755248499
34975.35182380676,0.0001,0.00560033083054531,0.01673716882339896,0.047964625956659235,0.044568380741454375,0.06364494373391923
35173.1348836422,0.0001,0.005966572053727453,0.017228987975185843,0.05009451822869528,0.04435293006734473,0.0617812205783824
35370.70955944061,0.0001,0.005622997548187895,0.01770707836829658,0.051773841378496784,0.04328385259770027,0.06322732231145527
35568.004317998886,0.0001,0.005923128917342708,0.019168659160954827,0.05727574351858235,0.04587770575260682,0.06579047928485834
35765.23127102852,0.0001,0.005558718294631408,0.017358914491118323,0.051118109452339015,0.04516134656394136,0.06203908295457415
35962.72353339195,0.0001,0.005530306952265685,0.01706221571120773,0.04942805633690775,0.04259308724517924,0.0616759675150153
36160.413753032684,0.0001,0.005743731613565647,0.01754562927074201,0.05248555430806334,0.042577459881821135,0.061373635981606285
36358.01712727547,0.0001,0.006190037480290662,0.0174764670185759,0.0497845679722208,0.04607010116581905,0.06465619865394018
36555.490218639374,0.0001,0.005727037071228071,0.01866952096188012,0.052364500252031924,0.04513091174417299,0.06622289294426048
36752.950927734375,0.0001,0.005419145763797222,0.021038611765135634,0.05893768589253458,0.04563598865018443,0.07231472345294625
36950.40570950508,0.0001,0.005691545544449724,0.017060078061543027,0.05042508528145578,0.043396357110329235,0.06300846920595256
37147.83183455467,0.0001,0.005812683853448859,0.016374504190102727,0.04970463104412925,0.04262251097329011,0.06134143287667252
37345.73333859444,0.0001,0.006024834885373797,0.017142164596394303,0.05021476876397807,0.04180145707944714,0.06436287031022304
37542.96317362785,0.0001,0.005541785603820281,0.01752452134860641,0.05244008060623688,0.04324694061435851,0.06395989727294214
37740.09009075165,0.0001,0.00569999849219124,0.016742835563707606,0.04916800690474093,0.04367939667970836,0.06142756452624632
37937.537992954254,0.0001,0.005657309909179383,0.016526618543103513,0.04759660086997597,0.04328783347802649,0.06142865509654348
38135.12105035782,0.0001,0.005398421420851418,0.018320516623168324,0.053437733053715186,0.04281909088424173,0.06487205262176612
38332.711693525314,0.0001,0.005341735534783934,0.017427329681228496,0.05058144559964071,0.04555883739577417,0.06349610319241414
38529.9271504879,0.0001,0.005399310250828188,0.017046175860893437,0.048817103090017536,0.04413998284033534,0.061875792198095546
38727.52721762657,0.0001,0.005539384004273734,0.017524224489632513,0.05209643834250178,0.04259821886275536,0.0639089814307297
38924.974132061005,0.0001,0.005384768203093008,0.01671493925942555,0.05103091925677392,0.04243766617947371,0.06263496998430299
39121.94540834427,0.0001,0.005189688125632385,0.017547847275949557,0.04909417429288202,0.043143874981012756,0.06104716608801959
39319.04812502861,0.0001,0.005511764992233041,0.018118713279595727,0.05405122410794286,0.043412970610761194,0.06590685559254456
39516.48546695709,0.0001,0.005300856769841127,0.016657390900271442,0.04904870948889797,0.04240801998300848,0.061301924306232033
39713.61342763901,0.0001,0.005279391921477122,0.016709824394973156,0.05054869361276906,0.04283898888621363,0.06151519984182758
39911.23541140556,0.0001,0.005186251468980144,0.016717933717963058,0.04947057086208021,0.042700345840609465,0.06131562057273483
40108.678755283356,0.0001,0.005136778442265279,0.017161940747529688,0.050152916591588166,0.042996852097542206,0.06490070419947254
40305.911039590836,0.0001,0.005213785934113561,0.016612779354662207,0.048872107966425174,0.043558790266647586,0.06088087413289404
40503.209671497345,0.0001,0.005110910119326002,0.016526785565600728,0.04924613679795974,0.04233943154940471,0.06108800491562568
40700.60318040848,0.0001,0.005188146806537531,0.01726448165712467,0.052355477859646726,0.04333915615500917,0.06080851895921536
40897.94165945053,0.0001,0.005065790621181521,0.019825279638982455,0.05501246559343456,0.04571837785287387,0.0717592921382659
41095.27756524086,0.0001,0.004733975911545598,0.017533110545248514,0.04888462402033653,0.043933958810975594,0.06354868611178884
41292.65551376343,0.0001,0.005111422215302939,0.017085330298692348,0.04958991873205853,0.043303985499491486,0.06254515518284867
41490.559715270996,0.0001,0.005092432137622128,0.019895004043059102,0.05372760206889496,0.04373161779849292,0.07217829685815204
41688.027112960815,0.0001,0.00512199873738346,0.01719950592279553,0.05010087481560468,0.04331331083467601,0.06203625225166699
41885.24924683571,0.0001,0.005184783129791228,0.017495255593116637,0.050575549917004664,0.04259645974543929,0.06021993402609969
42082.57444477081,0.0001,0.004843209543733871,0.016122689644821803,0.04953792009772966,0.04211470031914653,0.06112390938428223
42280.200409412384,0.0001,0.004928056333103718,0.01579903589668253,0.048931817998118,0.041726440560360935,0.060104852443660504
42477.488214969635,0.0001,0.004940612197009714,0.016805868088027386,0.04882195831960241,0.04380204475250003,0.061286858455685544
42674.90057730675,0.0001,0.005157475332630574,0.017460640900406138,0.050271276919961264,0.0433135301570783,0.06618208675528789
42872.58772397041,0.0001,0.004982728150903727,0.01594870773496825,0.04741011109002143,0.041222018672535915,0.05881652284288791
43069.80738711357,0.0001,0.004860374670928255,0.01770637569667722,0.053540719277780854,0.04419172310282213,0.062448244114269316
43267.02386665344,0.0001,0.004742742132861243,0.017008323835487844,0.04918012503287152,0.04196616727835559,0.06140723037022167
43464.91674828529,0.0001,0.005043011090661453,0.016656044698144995,0.05009570023472713,0.041432855332316866,0.06237694175946287
43662.1562268734,0.0001,0.004888511501260694,0.01580981177308595,0.047982890928349446,0.040756513735330686,0.05962091494593455
43859.87617635727,0.0001,0.0048610705238716434,0.018317845316611365,0.052745878721212926,0.04237338129683986,0.06724677445753566
44057.04414129257,0.0001,0.004716134600380625,0.01706970788246774,0.05105322630622819,0.042819159589853384,0.06425735811948995
44255.36067390442,0.0001,0.004759637806426472,0.01687948408544896,0.04926956364781707,0.0423353735598114,0.06089714826684216
44452.54640984535,0.0001,0.00463809512348605,0.016322918980632494,0.04996974838214983,0.04245780825654563,0.06115916332950042
44650.09758424759,0.0001,0.005422299063165989,0.0163979097205612,0.047896277170289873,0.04235583854285413,0.06282744008539007
44847.468456983566,0.0001,0.005101511080691514,0.01636692590800349,0.04867087053782961,0.04234475396525859,0.06169869627067547
45044.7182533741,0.0001,0.004850243658409511,0.016354415310894637,0.048294986753865635,0.042053874530961474,0.061315859298477764
45242.22501587868,0.0001,0.004651586545742981,0.017386410564962006,0.0521572562843851,0.04267452665273413,0.061602841191691717
45439.5246386528,0.0001,0.004578318982779663,0.0162673765836328,0.04982413122773061,0.041138635361375936,0.060603961753543996
45636.849157333374,0.0001,0.004586771711614089,0.0164243558551935,0.04883958989966888,0.04189282922007161,0.06068738683402989
45834.72308063507,0.0001,0.004965814118735196,0.017944741657562817,0.05030388991024793,0.043020713897568265,0.061598958264422944
46031.77917814255,0.0001,0.0047104937443904265,0.019546576648735065,0.06109456886784234,0.041624709449794545,0.07088673579485753
46229.241054058075,0.0001,0.0044930823653325114,0.017038048535223744,0.04834470623261454,0.04258126643181402,0.06071155545479856
46426.387818813324,0.0001,0.004711340915816746,0.01624712243944954,0.04958370173624473,0.04177698649310598,0.06122335464359271
46623.745988845825,0.0001,0.004646060925385438,0.01681002013539497,0.04947270765218163,0.04130805421327378,0.061887656925979195
46821.327783584595,0.0001,0.004597850459484702,0.016555976647459135,0.049650728311159,0.042919859266590275,0.060597869882400505
47019.04555726051,0.0001,0.004455292409881391,0.01602804469655759,0.04981892067896003,0.040791212043483974,0.05986624461200883
47216.0817899704,0.0001,0.004993742174245551,0.01668894395799463,0.05117302138691838,0.04079297744031857,0.060731045831796504
47413.68458843231,0.0001,0.004546190863287027,0.016727646337962192,0.04891285023559667,0.04185433157655963,0.06337673654580847
47610.96520280838,5e-05,0.002796867884699248,0.014767364550119634,0.04517867150781121,0.03920029312825522,0.055556970486447914
47808.1225669384,5e-05,0.002290144664795694,0.01485315753021137,0.04532984398753157,0.03912041673744699,0.05634530477814718
48005.49137377739,5e-05,0.0022230650150734297,0.014780234182415267,0.04533025608248231,0.03894075773351062,0.055614704612523935
48203.13901925087,5e-05,0.0021714253473312304,0.014754002575549924,0.045213117731072325,0.038980792211768894,0.055730787410312795
48400.57288002968,5e-05,0.0021719540083908816,0.014839184544711139,0.04501478034514024,0.03882178894208758,0.05613026622128243
48598.02736544609,5e-05,0.0021548765388513017,0.01480393474883653,0.04531159205544115,0.0385733134676102,0.0571689622161018
48795.26118803024,5e-05,0.002139329216808543,0.014551088925475502,0.04463993701422743,0.03903645882185593,0.055261157385558424
48992.59797525406,5e-05,0.002101707916423549,0.015312920959810199,0.049020781182913836,0.03880522273745326,0.05708115898099349
49189.83824443817,5e-05,0.002084197491330834,0.015047968266166913,0.04443882772248935,0.039652730576931194,0.05583467347575744
49387.46825146675,5e-05,0.002054755527544958,0.014694534276523313,0.045015542388864016,0.038853702273871,0.0561688755844886
49584.46460032463,5e-05,0.0020405849722557466,0.01474127039488573,0.04479956654635919,0.03873221978623218,0.05564742346533654
49781.951025247574,5e-05,0.0020569813701738307,0.014753478449406186,0.045824120361978755,0.039329711846030666,0.05680018686691372
49979.488093853,5e-05,0.0020327653182595053,0.015041297293444562,0.046380239792986215,0.03886323448141439,0.057638333807085905
50176.739172935486,5e-05,0.0020143997334432498,0.015018437313806603,0.04555031217033355,0.039228323483227315,0.05634643224773735
50375.34407401085,5e-05,0.001999528408195084,0.014699706567451202,0.045159910595354597,0.039778683523160344,0.05650394615434608
50572.554817676544,5e-05,0.0020237049413947376,0.01484135345913245,0.04491842392525187,0.03869207503244512,0.056353933931477064
50770.02706408501,5e-05,0.001995838194314912,0.014913866671850216,0.04623508867544879,0.039403060284717926,0.057168566509827386
50967.36035823822,5e-05,0.0020117221484707384,0.014470667922678121,0.044780922930849607,0.03860643733698138,0.05560648395735549
51164.94806408882,5e-05,0.0019472084745005348,0.014873612027418067,0.04516664217975151,0.038838659687268545,0.05570157092860706
51362.57440805435,5e-05,0.001955394749804716,0.014571840974168086,0.045419389277500916,0.038343798905157725,0.05515814378427831
51559.95284366608,5e-05,0.0019656313983490575,0.014785814355938386,0.04579855002386692,0.03855693123181278,0.05748252560101327
51757.125219106674,5e-05,0.001942492661382232,0.01487340763992784,0.044641259522937835,0.038457219520269925,0.055900708367309114
51954.05335712433,5e-05,0.001889944873595116,0.015009057416170575,0.04503291472266236,0.039149592656187955,0.05622054436450369
52151.12639117241,5e-05,0.0019244451661245478,0.01490117113672828,0.04500133455587379,0.03973782638710402,0.05614387432185901
52348.536636829376,5e-05,0.001950046434715185,0.014732314201413858,0.045655486788023204,0.03929475906255705,0.056504364957358416
52545.88600444794,5e-05,0.001972661930602575,0.015036046663046072,0.04555338690003674,0.038954440164017105,0.05722746620371637
52743.570258140564,5e-05,0.001948081020085077,0.014647128407257957,0.044843188922271085,0.03877892921184148,0.05562102051508931
52941.18482255936,5e-05,0.0019242473651869905,0.014751751760012956,0.04555591547264243,0.03875330609976428,0.05599051882883585
53138.281546354294,5e-05,0.001832403381482126,0.014750522948809568,0.045608190415694465,0.038813871099669266,0.056409388683985894
53335.607548713684,5e-05,0.0018771386171861997,0.015234578049098174,0.046730660211117464,0.03938673754704879,0.056700153468146844
53532.906999111176,5e-05,0.0018672504164405981,0.014634144034410997,0.04500814457603964,0.03825473644327973,0.05590430168863366
53730.46626138687,5e-05,0.0018893119599400806,0.014902643213939878,0.044963617156780766,0.038591654632030285,0.0557188782923022
53927.83316516876,5e-05,0.0018444691160453231,0.014467428300652646,0.045919782532172035,0.03875485889588238,0.05628708084467274
54125.008994579315,5e-05,0.001847591062797,0.014977590525176804,0.045522893221239015,0.03949214976834256,0.056591544907523675
54322.47841668129,5e-05,0.0018310395004032753,0.01465039440124853,0.04488068011006991,0.038757518852859864,0.056019042824561355
54519.7813167572,5e-05,0.0018965685540175586,0.014967556927650708,0.04544773800158459,0.038330909497333025,0.05574489303701745
54717.32162308693,5e-05,0.0018496784140353305,0.014707603608654796,0.04525586102393468,0.038579160381796235,0.05580011238313436
54914.674929618835,5e-05,0.0018536993026874076,0.014683839571876287,0.04503099413625955,0.03882761010157776,0.05547143463560911
55112.20569729805,5e-05,0.0018205785915511709,0.014984386304645613,0.04516007224279452,0.038844880897914984,0.05614773574766004
55309.88965129852,5e-05,0.0018004501233893678,0.014875856853570093,0.04607502626031129,0.03875469028152102,0.056324627738117465
55507.41289663315,5e-05,0.0018094664241081956,0.014658602665360159,0.04461508886781023,0.03847520848544654,0.05586226705244063
55704.9554977417,5e-05,0.0018080571505764804,0.014869563430937862,0.04632182252465534,0.0389003215852932,0.056998561132321796
55901.87304973602,5e-05,0.001858940979625413,0.015602278947897083,0.0459630779470552,0.03849569702473437,0.05817218967709158
56099.22227978706,5e-05,0.0017933137912619012,0.014936622716012704,0.04570064062331444,0.03921495701778006,0.057200544869926505
56296.82398033142,5e-05,0.0017844325721711413,0.015151186376858378,0.04498268134892606,0.03884642511945583,0.056347846003920746
56494.15887975693,5e-05,0.0017990185569969372,0.014527844468847086,0.04547557485201702,0.038203676312099165,0.05609058445998731
56691.26291966438,5e-05,0.0017694550178374768,0.01472466560357002,0.044888887170761976,0.03855803400815628,0.05575169618067703
56889.264595508575,5e-05,0.0018096819971905101,0.015281942930261737,0.0451323060400418,0.038663016971720594,0.056055876770951724
57086.49559998512,5e-05,0.0017764698335293427,0.014629888297422858,0.044789472528748875,0.039029307547634985,0.05529529595947773
57283.97822880745,5e-05,0.0018104378840186769,0.014877263192459292,0.045507112729282866,0.03825475550601532,0.05610176106163534
57481.209986925125,5e-05,0.0017875481422863692,0.014822862915092152,0.044853581186046765,0.03919051708960888,0.056614917607371244
57678.70007562637,5e-05,0.00178799986954932,0.014605138712817222,0.04486643821162066,0.03972756677970517,0.056219831189553586
57875.76975059509,5e-05,0.001719972786013066,0.015067323591947486,0.04676853123175693,0.039489240450074715,0.05667488491353861
58073.37201976776,5e-05,0.0017377264876486495,0.016003411845042812,0.04875123325443339,0.040573142552532346,0.05932862226945802
58271.039205789566,5e-05,0.0017691020847197135,0.01670797971689501,0.04999614968758431,0.03994093735401752,0.06284621962584637
58468.464337825775,5e-05,0.0017850137917419444,0.014554230634696852,0.044970980230367406,0.03823694412487917,0.055560088407348274
58665.7113237381,5e-05,0.0017248926549596466,0.014835740686300222,0.04530757149896185,0.03853046074020388,0.05582446576789791
58862.93860387802,5e-05,0.0017871471364601975,0.01460561334703487,0.04469443039350721,0.037985157850436484,0.055674709878194936
59060.37413048744,5e-05,0.001746653259057049,0.014569393788519252,0.044573156507262346,0.03848319897334798,0.05557052020608076
59257.82939815521,2.5e-05,0.0011556639065033473,0.01442963482726741,0.044322480228751605,0.03787306232891736,0.054388259426434334
59455.929849386215,2.5e-05,0.0010434580683882405,0.01420542282432345,0.043815175986192875,0.03810237399851649,0.05437813356287134
59653.32449436188,2.5e-05,0.0010382796978110642,0.014638892160893457,0.0459003455025945,0.03769967897546112,0.05595525055591151
59850.889612436295,2.5e-05,0.0010362892516056906,0.014244071333190344,0.043750974347432664,0.03763537052543509,0.0543756504306947
60048.86057472229,2.5e-05,0.0010239971927861115,0.014233981399899008,0.04373825475289909,0.03777138009579459,0.05425966934376589
60246.59716320038,2.5e-05,0.0010148140457921268,0.014204935398683238,0.043886225812701296,0.037462378828149616,0.05446134124072886
60444.02288031578,2.5e-05,0.0010029812639170803,0.014321084035582628,0.04384913669244061,0.037743348426706284,0.054276974507771705
60641.39930152893,2.5e-05,0.0009972335645025351,0.014374561834494854,0.04444186293705276,0.03765315652839878,0.05478943302867002
60838.51776623726,2.5e-05,0.0009885319112179762,0.014323369373453841,0.0437626858501103,0.03763545162287766,0.054188116699984794
61035.89021039009,2.5e-05,0.000983721050035267,0.014272190449760448,0.04434867741887027,0.037712782991714246,0.05477403240918856
61233.75536322594,2.5e-05,0.0009853380962631367,0.014408721652260623,0.04441393090546869,0.03765653344537738,0.055610707886012335
61430.86594462395,2.5e-05,0.0009796165692968562,0.014277764131041717,0.043870924357592676,0.037729369697056744,0.05440761077712177
61628.65814828873,2.5e-05,0.000988559557556868,0.014300451747030849,0.04401743062247403,0.03767305788192435,0.05493544236193392
61825.91187167168,2.5e-05,0.0009778514525299038,0.014303394648646755,0.043808784977118084,0.03770398163961934,0.05449378838236716
62023.637948036194,2.5e-05,0.0009737019576457433,0.014201408063703498,0.04387341006598204,0.03741522850974244,0.05425115864667876
62220.88831472397,2.5e-05,0.0009640257440652187,0.014582997924917535,0.044033452763183684,0.03795272436520275,0.05474226230616265
62418.15590643883,2.5e-05,0.0009601246449202985,0.014298537987746579,0.044001515057703056,0.037660922334632335,0.05447708355519413
62615.680201768875,2.5e-05,0.000959997565702699,0.014414484035705215,0.04412520132935976,0.038062832568978126,0.05459870032544406
62813.289435863495,2.5e-05,0.0009550229315040488,0.014286990532071431,0.04367858092690354,0.037657723431475845,0.054626811344361384
63010.61212301254,2.5e-05,0.0009411182450649206,0.014311878089898691,0.043993019084662494,0.037639580198222486,0.0546477995314371
63208.30191063881,2.5e-05,0.000943318090266869,0.01432800252018734,0.044061013285075924,0.03773078176879336,0.054677119091377326
63405.82894062996,2.5e-05,0.0009419909761466647,0.01444286193895886,0.044522111091458406,0.037553302680511706,0.054777619666504684
63602.98195719719,2.5e-05,0.000945410568701924,0.014367619101133057,0.04401452281153833,0.03760755444200207,0.05467285311100202
63800.28207182884,2.5e-05,0.0009378871980734568,0.014325591467315345,0.043784052760273466,0.03773302240256171,0.05447493674758862
63997.55654120445,2.5e-05,0.0009390125386520106,0.014475772263363466,0.044475342347312576,0.037703639076402305,0.054747456842780304
64195.118352890015,2.5e-05,0.0009271752078914191,0.01438638732591558,0.044309051184867866,0.03763264748344853,0.05457945185482091
64392.42964100838,2.5e-05,0.0009286623806304546,0.014325070230586155,0.04413639632120323,0.03754426020233721,0.05442189068461721
64589.80588746071,2.5e-05,0.000927652420601429,0.01433483665999,0.043839223584414576,0.03762581454489794,0.05448542373672446
64787.37739133835,2.5e-05,0.0009261249633712631,0.01434856445444422,0.043807195830390736,0.03768128198897013,0.05452787003189377
64984.69536423683,2.5e-05,0.0009184830232158562,0.014321884153764248,0.0437649040485338,0.03766607050437521,0.05452531894715228
65182.160147190094,2.5e-05,0.0009155357899547582,0.014505805534397107,0.044147475898716676,0.03791032984323924,0.054979106938191934
65379.3761742115,2.5e-05,0.0009205833599554487,0.014330633765088235,0.043876845980709143,0.03772166707863307,0.05475830252990393
65576.68591785431,2.5e-05,0.0009110602343157365,0.01444113833854377,0.044430427307123835,0.03763146616234247,0.05463670436783668
65773.98783898354,2.5e-05,0.0009135326398112027,0.014445689187743783,0.04427382874871299,0.03755159165538979,0.05481170298066106
65971.35417938232,2.5e-05,0.0009040416835406098,0.014480517788629695,0.04404928067727097,0.037695237749453825,0.05455236710987625
66168.45112013817,2.5e-05,0.0008978825299156848,0.014329687947756175,0.04405895059081585,0.037684963950590844,0.05460219780174676
66366.00921750069,2.5e-05,0.0008956576853769979,0.014618331169493279,0.043862969567577355,0.03779310426845008,0.054646159633319084
66563.46648263931,2.5e-05,0.000900562665952515,0.014449267784634708,0.04467585649427735,0.03791018653769077,0.05454970852770459
66760.92302632332,2.5e-05,0.0008913899516834835,0.014499457272958819,0.043868688660739674,0.03832178512531943,0.05448644847487801
66957.86249303818,2.5e-05,0.0008845707165682149,0.01443262661081673,0.043985548583005254,0.0381566012030022,0.054808870979739036
67154.9075012207,2.5e-05,0.0008795702186865264,0.014488847452508384,0.043832862736845675,0.0377253474858562,0.05470252142078551
67352.25003266335,1.25e-05,0.0006937461317949859,0.014253497699573023,0.043561361900401246,0.03734090628493963,0.05422363047607323
67549.35397696495,1.25e-05,0.000678317533583531,0.014245305357895859,0.04361964473006196,0.03744168978024377,0.05413563663094886
67746.79869103432,1.25e-05,0.0006716368759040874,0.014265119284221101,0.04349646424823108,0.03731640642761996,0.05413267397640768
67944.29277038574,1.25e-05,0.0006688232695063461,0.014217515544865694,0.043542670882577544,0.03745283935271379,0.05418119879595687
68141.63841819763,1.25e-05,0.0006663401713527264,0.014271267324775226,0.04355221725681379,0.037370924102567434,0.054198671651594005
68339.08007383347,1.25e-05,0.0006632286554764843,0.014217356242801163,0.04353408424666611,0.037317906638034394,0.054070495764480524
68536.18747472763,1.25e-05,0.0006587229352513459,0.014292653499946944,0.04363869158231393,0.03740591825531086,0.05430208411996337
68733.39772748947,1.25e-05,0.0006582423950326317,0.014337192648172865,0.04359816817232185,0.03747322968999284,0.05454767032728242
68930.83606100082,1.25e-05,0.0006598609175721005,0.014334143484826423,0.04371926923432698,0.03761227726044574,0.05436535733129187
69128.51239085197,1.25e-05,0.0006570403457888084,0.014284362164354266,0.043798101522036496,0.03743370593847573,0.0544124564152685
69326.15329575539,1.25e-05,0.0006514806022973941,0.014247128369854693,0.04351646580528454,0.037331165992483394,0.05409533437891064
69523.39444756508,1.25e-05,0.0006520747404832895,0.014276321495188565,0.043593950575203204,0.03731630418293891,0.05420476934894165
69723.01933550835,1.25e-05,0.0006512710106379192,0.014257609193187661,0.043735465685552956,0.03735626641824729,0.054245843682024765
69920.6100473404,1.25e-05,0.0006496071458789776,0.014257825377611123,0.043575716894589084,0.03740474547905653,0.05427343636694201
70117.97366452217,1.25e-05,0.00064456390158388,0.01435038165560353,0.043900282778711,0.037641421081805584,0.05418014030941664
70315.25769853592,1.25e-05,0.0006449205897881559,0.014295076562320687,0.04370910781902839,0.03748704532432136,0.05418738004186486
70512.95487236977,1.25e-05,0.0006430378707093497,0.014360294041624267,0.04383800765164286,0.03725485789657937,0.054272615218953234
70710.37999749184,1.25e-05,0.0006415148019996354,0.01431492895882491,0.043759392558483004,0.037484793995554516,0.054302316088102154
70907.61013746262,1.25e-05,0.0006395628278190975,0.014348424087852852,0.04376807011488657,0.03741130911296229,0.054198448947912516
71105.02990341187,1.25e-05,0.0006381079699754472,0.01429778949747175,0.04365577708455098,0.0374274348843059,0.054137154228322056
71302.46222114563,1.25e-05,0.0006363494181330213,0.014259295404148106,0.04365074770298596,0.03727858437236215,0.05424763289148716
71499.6970000267,1.25e-05,0.0006376398969447153,0.014378428133038147,0.044004584833151006,0.037403103334183764,0.05439555682641353
71696.95689749718,1.25e-05,0.0006308593123588825,0.014367363627685117,0.0435879475833987,0.03738805309077984,0.05423215947417921
71894.25697302818,1.25e-05,0.0006315602764152987,0.014336260715141111,0.04366156597326109,0.03744892648440348,0.05439707066846126
72091.42812609673,1.25e-05,0.0006302413341783481,0.014340650744184414,0.04372139512506688,0.03743032800711338,0.05420839383253165
72288.69752812386,1.25e-05,0.0006282347755503827,0.014379854717104327,0.043829013676865716,0.03744247450950229,0.0543884109969191
72486.16264033318,6.25e-06,0.0005543303582060436,0.014273165716037158,0.04355406531291991,0.03728168766086966,0.054078906286526736
72683.78178071976,6.25e-06,0.0005480520661636868,0.014262173263978932,0.043491911763275326,0.03724428792614541,0.05422259438276667
72881.44845628738,6.25e-06,0.0005461091520264365,0.014266403867178735,0.04362238754448119,0.03728369159890117,0.05416664523521907
73080.77679824829,6.25e-06,0.0005449010486452498,0.01428133605346709,0.04351693322935779,0.037264271994677876,0.05412390574722474
73280.9867503643,6.25e-06,0.0005438411447501398,0.01429568753748768,0.04354849322241903,0.03730320511227107,0.05418383768991821
73478.14690995216,6.25e-06,0.0005433327371039602,0.014273160307383822,0.04349961919723509,0.03729627997379194,0.054117796526279405
73675.71949744225,6.25e-06,0.0005424450357340897,0.014286815661879096,0.04355823425925211,0.03728875971159508,0.05413234542010877
73872.94812130928,6.25e-06,0.000541476650024182,0.014294001371115533,0.04362257794641852,0.03731890325707377,0.054116609605626365
74070.12178397179,6.25e-06,0.0005398229265796141,0.014265390503608163,0.04353762988823824,0.037326980127369555,0.054058872477271674
74267.95497012138,6.25e-06,0.0005386429054782699,0.014273956063034063,0.0435753526181099,0.0372359076201019,0.05412787191589003
74466.05447912216,6.25e-06,0.0005377659145077018,0.01429488750345099,0.04360736176395107,0.037261151122279956,0.05423357441938386
74663.40903186798,6.25e-06,0.0005368783600702053,0.014311988026989922,0.04357939455715481,0.0373303953456954,0.054172180069720556
74861.35549426079,6.25e-06,0.0005362463276276544,0.014304988049066688,0.04369841011550874,0.03732806488756388,0.05420758300921079
75058.95889401436,6.25e-06,0.0005359550420045499,0.01429878727147188,0.043520826877634894,0.037341879310576996,0.05418808195083855
75257.33093070984,6.25e-06,0.0005355125603176562,0.014315262650131966,0.04367498703088539,0.037356900134374746,0.05436617116679991
75455.5972275734,6.25e-06,0.0005335491404855232,0.01427877530057391,0.04357136226277054,0.03725805873437253,0.054127994513890165
75653.10682201385,6.25e-06,0.0005324322014150352,0.014327646277187849,0.04367772911207484,0.0373440862083443,0.05419047589651239
75850.6941113472,6.25e-06,0.0005329282851255392,0.014299680307252371,0.043607302847947775,0.03730559959795873,0.05410035788472895
76047.79840111732,6.25e-06,0.0005314581507988925,0.014302916557907157,0.043621432284803106,0.0373115928236876,0.05429720606117036
76244.73643755913,6.25e-06,0.0005301216476226912,0.014327480980164838,0.04361777848193061,0.03740287921110815,0.05418627708592961
76442.09241294861,6.25e-06,0.0005297273794091479,0.014315667082398063,0.04365207409583247,0.03733509294202565,0.05429229133098007
76639.40187215805,6.25e-06,0.0005284660826577928,0.014313648246921051,0.043555559258678586,0.03737481503467411,0.05420931964411659
76836.60823869705,6.25e-06,0.0005281411124690329,0.014292168143482395,0.043587057422634454,0.03739463955265518,0.0541014196906202
77033.91042876244,6.25e-06,0.0005276265220799454,0.014324434673565823,0.043640596196197846,0.03741285402686031,0.05429735099295311
77231.18891644478,6.25e-06,0.0005267369006705787,0.014325613489521752,0.043617183693863686,0.03730418574640593,0.05424699681465708
77428.25447392464,6.25e-06,0.0005248857135670868,0.014310155819778543,0.04360429363331586,0.037311030925682644,0.054180405679144235
77625.85663175583,3.125e-06,0.0004908236185524975,0.014325817065443043,0.04361240321408185,0.037383355706243994,0.05421639363691006
77823.1212553978,3.125e-06,0.0004894536941085417,0.014300797010626632,0.043560319426013946,0.03729572551212409,0.05414491901274047
78020.22930765152,3.125e-06,0.0004883767526831209,0.0143088480365855,0.043569148225921436,0.03727241955600309,0.05411756898724481
78217.65759563446,3.125e-06,0.0004876115306341673,0.014296341406596528,0.04357436577010042,0.03729357921109117,0.05413569404085857
78414.97987818718,3.125e-06,0.0004872372119961757,0.014302517422359192,0.04353866409892781,0.037291621902509973,0.05419907041959816
78612.52563977242,3.125e-06,0.0004871398601717605,0.014283150494486953,0.04347395066578443,0.03728328133330917,0.05411419908301451
78810.06366372108,3.125e-06,0.0004864450825288346,0.01431977070168846,0.04360801919362123,0.03727778959339688,0.05417426457261219
79007.5591955185,3.125e-06,0.000486020417033688,0.014309073025417214,0.04355121132501313,0.03729456354853181,0.054161318221816336
79204.91630649567,3.125e-06,0.00048553080459331956,0.014313957082419936,0.04352796714845495,0.03731201206639009,0.054161066664552344
79402.31525921822,3.125e-06,0.0004848174582157285,0.01431886530202215,0.04359198831360533,0.037294766229590756,0.054169234120928035
79599.61286091805,3.125e-06,0.00048503559864049436,0.01430540069889402,0.04355728910625471,0.03728334215917786,0.05414997525627739
79797.20228147507,3.125e-06,0.00048398893276280414,0.014293489847203739,0.043504924134476486,0.03730211562695581,0.05414027881764997
79994.27827954292,3.125e-06,0.0004838696079281536,0.014297943650826523,0.04353993571752841,0.037280634568274816,0.05411326614721053
80191.60897254944,3.125e-06,0.00048334330927958237,0.014315703645653235,0.04355392076756907,0.037310708970928835,0.054228812181169816
80389.16650748253,3.125e-06,0.0004829674241256639,0.014306219381908583,0.04356491392305412,0.0372631290182688,0.05413899448643043
80586.79055976868,3.125e-06,0.00048247861633957746,0.014305157369951286,0.04352924621825543,0.03728458922820519,0.0542040742867487
80784.27047085762,3.125e-06,0.0004820649478740191,0.014335417870688212,0.043621142143799314,0.0373079928203113,0.05418387027900917
80981.72536253929,3.125e-06,0.00048170580300436463,0.014299862574457419,0.04353642996761946,0.037298050378140005,0.054152963266696885
81178.87931275368,3.125e-06,0.000481493599988645,0.014307130866097018,0.04354555221797324,0.03729977293057529,0.05417296037482914
81376.17697906494,3.125e-06,0.0004810168918936236,0.014307776363675665,0.04355010121513331,0.037316135880695635,0.05414466968489133
81573.53743553162,3.125e-06,0.0004800683603336074,0.01432382546675831,0.04362130654580515,0.03730984033516503,0.05421689804945293
81771.1548128128,3.125e-06,0.00047958830542849817,0.014317232338081036,0.04354122931320524,0.037373815426980254,0.054118564643920106
81969.54586982727,3.125e-06,0.0004793693978353926,0.014337619958260729,0.043642349170237425,0.037283889203087055,0.054247717282270895
82166.6270096302,3.125e-06,0.0004793273367491381,0.014298467417399704,0.04349468323310685,0.03733793162499944,0.054158975612135285
82364.06789088249,3.125e-06,0.0004785410164599447,0.014296902073159418,0.04353162521198695,0.037261564248954354,0.054145213404495254
82561.23410367966,3.125e-06,0.0004784130154281916,0.01433207820947678,0.04358845696010531,0.03732823183605691,0.0541950183144215
82758.44777154922,1.5625e-06,0.00046151671525090096,0.014306323262655015,0.043508400218305064,0.03727406119182613,0.05416066622200992
82955.52755308151,1.5625e-06,0.00046037026063058177,0.01430344276058053,0.04351290658905306,0.0372981976768182,0.054165792062924434
83152.66663146019,1.5625e-06,0.00046029630001518724,0.014313694074865753,0.043509850328813396,0.037285511642409605,0.054137277064126445
83349.98567986488,1.5625e-06,0.00046011725677378687,0.014330426947226173,0.04356017396908014,0.03730095617393238,0.05422244859885202
83547.19300436974,1.5625e-06,0.0004599483479086954,0.014316763389413146,0.04356073397827529,0.03729149041286025,0.05416523415433351
83744.7057902813,1.5625e-06,0.0004594819135867552,0.014322393861089985,0.04353882204058481,0.03727535575110561,0.05420904821038058
83942.05548739433,1.5625e-06,0.0004591509006327983,0.014311742708294427,0.043562273879705564,0.037288135406075444,0.054181718398246294
84139.49495840073,1.5625e-06,0.0004594395114374682,0.01434263387109269,0.043600725301254736,0.03730542830706098,0.05418521749954471
84337.00105404854,1.5625e-06,0.0004588972501132664,0.014324470904653665,0.04353835366529456,0.03731590658166187,0.05420427546914543
84534.47294664383,1.5625e-06,0.00045883418337650417,0.0143137118254204,0.04356840663336328,0.03729394387895652,0.05416675020597907
84732.13576960564,1.5625e-06,0.00045842553498973474,0.014318613708220523,0.04352884547845769,0.03727080847059498,0.05414413127624902
84930.3543035984,1.5625e-06,0.0004582998634452645,0.014309449693495081,0.04356175388107573,0.03728610527985075,0.05419623683331445
85127.61542654037,1.5625e-06,0.0004581877164726223,0.014324809766654985,0.043534935031009726,0.037308221756445874,0.054237696211114704
85325.22754430771,1.5625e-06,0.0004579381062210997,0.014317435511623908,0.04354866640336515,0.03728202321753123,0.05416072444441748
85522.67409229279,1.5625e-06,0.00045815750728940254,0.014319327610672046,0.043544223625437396,0.03733107843716913,0.054169088525275085
85720.09248566628,1.5625e-06,0.00045776457344641274,0.014319380310710634,0.04358780329566913,0.037281718596477935,0.05428032383202575
85917.19032502174,1.5625e-06,0.0004571787452719637,0.01431036685549225,0.04354062649924483,0.03732429130194679,0.05417669885583218
86114.81601572037,1.5625e-06,0.0004571190948516101,0.014317634846393073,0.043555963763710306,0.03726867550517861,0.05417949438352714
86312.44704508781,1.5625e-06,0.0004571569950196108,0.014311954326597584,0.043516022974134295,0.037284325755957345,0.054170536911702594
86509.93690776825,1.5625e-06,0.00045670888464384484,0.014327014119715532,0.04354307423822205,0.03730761691495651,0.05418047804099625
86707.14004349709,1.5625e-06,0.00045649819319913123,0.014316549609042039,0.04351987522465463,0.03727688012342284,0.054164615833554204
86904.39747595787,1.5625e-06,0.00045600417038316995,0.014323564017394808,0.04355226733442574,0.03730765077976819,0.05416896787925152
87101.56761097908,1.5625e-06,0.00045581857101193997,0.014329721795537606,0.04361222388985924,0.03731928664830823,0.05423407104383749
87298.7151260376,1.5625e-06,0.0004560437036710974,0.014337752206840427,0.04356554681925234,0.037303368579161236,0.05418021721927496
87496.0670158863,1.5625e-06,0.000455453955041858,0.01434072964085391,0.04358186821679543,0.037303120784654094,0.05421607043120681
87693.7924375534,1.5625e-06,0.0004554600039484043,0.014332282080795539,0.04357766587878292,0.037315424849699484,0.054173349650480256
87891.32300376892,7.8125e-07,0.00044671738922293,0.01431324441117825,0.04352809482952096,0.037283308779883194,0.054144612096628436
88088.42898631096,7.8125e-07,0.0004463100385198586,0.014315489711313164,0.043535009503374474,0.037292339764185535,0.05416422983762005
88285.6185863018,7.8125e-07,0.0004463622902243768,0.0143241473412377,0.04354459947505682,0.03728948267986923,0.054177400269380345
88483.27481198311,7.8125e-07,0.00044595931055195297,0.014318245218689131,0.043532307313848204,0.03728630874615914,0.05414932084870293
88681.37572717667,7.8125e-07,0.00044597150399699803,0.014316583004825089,0.04353670062849165,0.037273859753046694,0.05416494838298284
88878.75453877449,7.8125e-07,0.0004457920665165426,0.014314543461335283,0.04353233323451161,0.03728358885631747,0.054155447389724574
89076.0131816864,7.8125e-07,0.0004456278357045095,0.014317960401032594,0.0435397047699662,0.03729726419604614,0.05417600306040945
89273.57088112831,7.8125e-07,0.0004455870264196718,0.01432305099319519,0.043534777604595266,0.037285342138759434,0.05418722770842479
89471.7983057499,7.8125e-07,0.0004455492457115846,0.014320638070401483,0.04353706918544736,0.03727621598321396,0.054159691402932156
89668.84107589722,7.8125e-07,0.0004453420451425794,0.014317410713021901,0.04352851156165461,0.03728638733427143,0.054154374892550525
89866.87252283096,7.8125e-07,0.0004453776532594448,0.014321897151330277,0.043547696994334105,0.03729068630998662,0.0541869870406138
90065.16589617729,7.8125e-07,0.0004451954485202068,0.01432014144378037,0.043522228337356784,0.03728402873844728,0.054146533673882294
90262.6785902977,7.8125e-07,0.00044518089285377593,0.014322141384269772,0.04352934371799853,0.0372883360435041,0.054172810974308164
90459.80571269989,7.8125e-07,0.00044502147970972207,0.014320552137450985,0.04352538657598628,0.03728006416381362,0.054158104961228165
90657.35905432701,7.8125e-07,0.00044498587124192237,0.014321480548316905,0.043529416585184576,0.0372816511430543,0.05416297537065109
90854.88551926613,7.8125e-07,0.00044487668317846977,0.01432107847025097,0.043535148004533925,0.037302600284405914,0.054183735335004986
91052.8237361908,7.8125e-07,0.0004446556828340541,0.014328003558103814,0.04354144617086554,0.03729499594973622,0.05418340146774445
91249.88156962395,7.8125e-07,0.0004445521223971864,0.014327855715850931,0.04354904867369936,0.037290250264927494,0.05417807297797366
91447.08251428604,7.8125e-07,0.00044446546384031724,0.014327035296447318,0.043542322023740664,0.03730604468948793,0.05417284974630966
91644.88735818863,7.8125e-07,0.0004444329557888274,0.014319567065542004,0.043562720456272776,0.03729989113415103,0.05416837635108454
91842.35942626,7.8125e-07,0.00044429734904220103,0.014328221128093127,0.043535135202738384,0.03730041934569749,0.054170841112882756
92039.96933865547,7.8125e-07,0.00044412349042981117,0.014326597683443814,0.043540380748367975,0.03731714822330258,0.0541861198081428
92236.89162945747,7.8125e-07,0.0004440818673094928,0.014317008937165537,0.04352627854009943,0.03729977600469067,0.05415750968764423
92434.47058033943,7.8125e-07,0.0004439786366891636,0.014327250497218886,0.04354659491034777,0.03729636671041552,0.054188969238134765
92632.21698880196,7.8125e-07,0.00044400733205113003,0.014326466829177324,0.04354125333143464,0.037297761973602676,0.054185508542222954
92829.3990111351,7.8125e-07,0.00044370660572541545,0.014320065585307901,0.043539841626312914,0.037292234711680326,0.054159704898323426
